

CREATE DATABASE `tmp` DEFAULT CHARACTER SET utf8 COLLATE utf8_general_ci;
USE `tmp`;

CREATE TABLE IF NOT EXISTS `Competences` (
  `Competence_id` int(3) NOT NULL UNIQUE,
  `Semestre` varchar(2) NOT NULL,
  `Code` char(12) NOT NULL   UNIQUE,
  `Description` varchar(202) DEFAULT NULL,
  `WWW` varchar(52) DEFAULT NULL,
  constraint pk_Competences PRIMARY KEY  (`Competence_id`)
) ENGINE=InnoDB DEFAULT CHARSET=utf8;



INSERT INTO `Competences` (`Competence_id`, `Semestre`, `Code`, `Description`, `WWW`) VALUES
(1, 'S1', 's1prmael01', 'Utiliser les nombres complexes pour décrire les impédances et les tensions', 'http://umtice.univ-lemans.fr/enrol/index.php?id=362'),
(2, 'S1', 's1prmael02', 'Utiliser les lois élémentaires de l''électrocinétique (loi des nœuds, loi des mailles, diviseur de tension,…)', 'http://umtice.univ-lemans.fr/enrol/index.php?id=362 '),
(3, 'S1', 's1prmael03', 'Concevoir un filtre passif du premier ordre et calculer sa fonction de transfert', 'http://umtice.univ-lemans.fr/enrol/index.php?id=362'),
(4, 'S1', 's1projacou01', 'Pour un montage simple, câbler, exciter, mesurer', 'http://umtice.univ-lemans.fr/course/view.php?id=2619'),
(5, 'S1', 's1projacou02', 'Pour un montage simple, représenter des résultats et les confronter à un modèle', 'http://umtice.univ-lemans.fr/course/view.php?id=2619'),
(6, 'S2', 's2mecaflui01', 'Avoir des notions de rhéologie des fluides (viscosité, Reynolds,…).', 'http://umtice.univ-lemans.fr/course/view.php?id=2619'),
(7, 'S2', 's2baseinst01', 'Maîtriser les signaux d excitation et les caractéristiques des capteurs et actionneurs en acoustique et vibration', 'http://umtice.univ-lemans.fr/course/view.php?id=379'),
(8, 'S2', 's2baseinst02', 'Adapter les impédances d entrée et de sortie des différents appareils de mesure', 'http://umtice.univ-lemans.fr/course/view.php?id=379'),
(9, 'S2', 's2baseinst03', 'Connaître les bases et les biais induits par la numérisation des signaux', 'http://umtice.univ-lemans.fr/course/view.php?id=379'),
(10, 'S2', 's2baseinst04', 'Donner un résultat de mesure pertinent et évaluer son incertitude', 'http://umtice.univ-lemans.fr/course/view.php?id=379'),
(11, 'S3', 's3acouphys01', 'Résoudre un problème d''ondes planes dans le domaine fréquentiel avec conditions aux limites', 'http://umtice.univ-lemans.fr/course/view.php?id=2619'),
(12, 'S3', 's3acouphys02', 'Trouver les modes propres d''un résonateur et résoudre un problème avec source', 'http://umtice.univ-lemans.fr/course/view.php?id=2619'),
(13, 'S3', 's3acouphys03', 'Écrire un problème avec pertes et calculer l''intensité acoustique', 'http://umtice.univ-lemans.fr/course/view.php?id=2619'),
(14, 'S3', 's3acouphys04', 'Résoudre un problème d''ondes planes dans le domaine temporel avec conditions initiales', 'http://umtice.univ-lemans.fr/course/view.php?id=2619'),
(15, 'S3', 's3mathnume01', 'Déterminer les valeurs propres et vecteurs propres d''une matrice.', 'http://umtice.univ-lemans.fr/course/view.php?id=2619'),
(16, 'S3', 's3mecarigi01', 'Écrire les torseurs transmissibles par des liaisons ou des contacts parfaits ou avec frottement', 'http://umtice.univ-lemans.fr/course/view.php?id=2619'),
(17, 'S3', 's3mecarigi02', 'Isoler un système mécanique et écrire les équations d''équilibre d''un solide.', 'http://umtice.univ-lemans.fr/course/view.php?id=2619'),
(18, 'S3', 's3mecarigi03', 'Calculer un torseur équivalent à un chargement réparti', 'http://umtice.univ-lemans.fr/course/view.php?id=2619'),
(19, 'S3', 's3mecarigi04', 'Calculer le torseur cinématique (torseur distributeur de vitesses) dans le cas d''une composition de mouvement.', 'http://umtice.univ-lemans.fr/course/view.php?id=2619'),
(20, 'S3', 's3mecarigi05', 'Calculer l''énergie cinétique et potentielle d''un solide indéformable.', 'http://umtice.univ-lemans.fr/course/view.php?id=2619'),
(21, 'S3', 's3mecarigi06', 'Écrire le principe fondamental de la dynamique pour un solide indéformable en précisant les éléments de réduction en un point du torseur dynamique du solide par rapport à un repère galiléen.', 'http://umtice.univ-lemans.fr/course/view.php?id=2619'),
(22, 'S3', 's3mecarigi07', 'Calculer la réponse temporelle d''un système à 1 degré de liberté en vibrations libres avec ou sans amortissement.', 'http://umtice.univ-lemans.fr/course/view.php?id=2619'),
(23, 'S3', 's3mecarigi08', 'Calculer la réponse temporelle d''un système à 1 degré de liberté en vibrations forcées avec ou sans amortissement.', 'http://umtice.univ-lemans.fr/course/view.php?id=2619'),
(24, 'S4', 's4elecacou01', 'Connaître les analogies électro-mécano-acoustiques de bases (dipôles R, L, C)', 'http://umtice.univ-lemans.fr/course/view.php?id=359'),
(25, 'S4', 's4elecacou02', 'Connaître, définir et utiliser les grandeurs caractérisant une chaîne électroacoustique', 'http://umtice.univ-lemans.fr/course/view.php?id=359'),
(26, 'S4', 's4elecacou03', 'Mesurer les grandeurs caractérisant une chaîne électroacoustique', 'http://umtice.univ-lemans.fr/course/view.php?id=359'),
(27, 'S4', 's4elecacou04', 'Mesurer l''impédance électrique d''un haut-parleur en fonction de la fréquence', 'http://umtice.univ-lemans.fr/course/view.php?id=359'),
(28, 'S4', 's4elecacou05', 'Savoir résoudre un problème utilisant des analogies électro-mécano-acoustiques', 'http://umtice.univ-lemans.fr/course/view.php?id=359'),
(29, 'S4', 's4mecardm01', 'Déterminer le chargement maximal admissible d''une structure composée de poutres.', 'http://umtice.univ-lemans.fr/course/view.php?id=2860'),
(30, 'S4', 's4mecardm02', 'Calculer un torseur des forces de cohésion pour une sollicitation, et nommer ces sollicitations dans le cas d''une poutre droite.', 'http://umtice.univ-lemans.fr/course/view.php?id=2860'),
(31, 'S4', 's4mecardm03', 'Déterminer si un système est isostatique, hypostatique ou hyperstatique de degré n.', 'http://umtice.univ-lemans.fr/course/view.php?id=2860'),
(32, 'S4', 's4mecardm04', 'Déterminer les composantes d''un torseur d''efforts intérieurs dans le cas d''une poutre non droite..', 'http://umtice.univ-lemans.fr/course/view.php?id=2860'),
(33, 'S4', 's4mecardm05', 'Déterminer un élément du torseur de déplacement d''un point.', 'http://umtice.univ-lemans.fr/course/view.php?id=2860'),
(34, 'S5', 's5mecaelas03', 'Pour un problème volumique, poser les équations nécessaires à sa résolution.', 'http://umtice.univ-lemans.fr/course/view.php?id=2209'),
(35, 'S5', 's5mecaelas04', 'Déterminer et représenter l''état de déformation en un point d''un solide volumique à partir d''un champs de déplacement.', 'http://umtice.univ-lemans.fr/course/view.php?id=2209'),
(36, 'S5', 's5mecaelas05', 'Déterminer pour un problème donné, l''état de déformation, de contrainte et la charge maximale.', 'http://umtice.univ-lemans.fr/course/view.php?id=2209'),
(37, 'S5', 's5mecaelas06', 'Déterminer l''état de déformation en un point d''un solide à partir de mesures avec une rosette de déformation.', 'http://umtice.univ-lemans.fr/course/view.php?id=2209'),
(38, 'S5', 's5mecaelas07', 'Déterminer, représenter l''état de contrainte en un point d''un solide et d''estimer si la limite d''élasticité est franchie, à partir des données en un point.', 'http://umtice.univ-lemans.fr/course/view.php?id=2209'),
(39, 'S5', 's5ranmeca01', 'Utiliser l''équation de Bernoulli.', 'http://umtice.univ-lemans.fr/course/view.php?id=2619'),
(40, 'S5', 's5ranmeca02', 'Calculer la réponse temporelle d''un système à 2 degré de liberté en vibrations libres avec ou sans amortissement.', 'http://umtice.univ-lemans.fr/course/view.php?id=2619'),
(41, 'S5', 's5ranmeca03', 'Calculer la réponse temporelle d''un système à 2 degré de liberté en vibrations forcées avec ou sans amortissement.', 'http://umtice.univ-lemans.fr/course/view.php?id=2619'),
(42, 'S5', 's5ranmeca04', 'Pour un système réel énoncer les différentes hypothèses simplificatrices plausibles', 'http://umtice.univ-lemans.fr/course/view.php?id=2619'),
(43, 'S5', 's5ranmeca05', 'Estimer les ordres de grandeurs de grandeurs mécaniques.', 'http://umtice.univ-lemans.fr/course/view.php?id=2619'),
(44, 'S5', 's5thermo01', 'Savoir ce que représentent la température, la pression et connaître les unités associées. Loi des gaz parfaits.', 'http://umtice.univ-lemans.fr/course/view.php?id=2619'),
(45, 'S5', 's5thermo02', 'Savoir calculer un travail et connaître les transformations adiabatiques – Premier principe', 'http://umtice.univ-lemans.fr/course/view.php?id=2619'),
(46, 'S5', 's5thermo03', 'Connaître les transformations simples de la thermodynamique : isochore, isobare, isotherme', 'http://umtice.univ-lemans.fr/course/view.php?id=2619'),
(47, 'S5', 's5thermo04', 'Comprendre la notion de cycle et de machine thermodynamique et savoir calculer un rendement.', 'http://umtice.univ-lemans.fr/course/view.php?id=2619'),
(48, 'S5', 's5thermo05', 'Savoir calculer des variations d''entropie.', 'http://umtice.univ-lemans.fr/course/view.php?id=2619'),
(49, 'S5', 's5thermo06', 'Savoir utiliser la notion de différentielle.', 'http://umtice.univ-lemans.fr/course/view.php?id=2619'),
(50, 'S5', 's5thermo07', 'Connaître les principes de la calorimétrie et savoir calculer les échanges de chaleur.', 'http://umtice.univ-lemans.fr/course/view.php?id=2619'),
(51, 'S6', 's6chal01', 'Résoudre un problème de thermique pour des applications simples (murs, fenêtre, habitat, ailettes de refroidissement, pont thermique…)', 'http://umtice.univ-lemans.fr/course/view.php?id=2619'),
(52, 'S6', 's6chal02', 'Écrire un bilan thermique pour des configurations géométriques élémentaires (plan, cylindre, sphère,…)', 'http://umtice.univ-lemans.fr/course/view.php?id=2619'),
(53, 'S6', 's6chal03', 'Résoudre les équations différentielles associées à un problème de thermique', 'http://umtice.univ-lemans.fr/course/view.php?id=2619'),
(54, 'S6', 's6chal04', 'Poser un problème simple de thermique', 'http://umtice.univ-lemans.fr/course/view.php?id=2619'),
(55, 'S6', 's6chal05', 'Utiliser l''équation aux dimensions et la théorie de la similitude pour résoudre un problème de thermique', 'http://umtice.univ-lemans.fr/course/view.php?id=2619'),
(56, 'S6', 's6elecacou01', 'Appliquer les analogies acoustique-électrique-mécanique pour des problèmes de transduction', 'http://umtice.univ-lemans.fr/course/view.php?id=2619'),
(57, 'S6', 's6elecacou02', 'Manipuler les schémas électriques (Bode, loi des nœuds, …) dans le contexte de l''électroacoustique', 'http://umtice.univ-lemans.fr/course/view.php?id=2619'),
(58, 'S6', 's6elecacou03', 'Comprendre les différents types de transduction (électrodynamique, électrostatique,…) ainsi que leurs caractéristiques (sensibilités, réponse en fréquence, distorsion,…)', 'http://umtice.univ-lemans.fr/course/view.php?id=2619'),
(59, 'S6', 's6guidonde01', 'Déterminer par la méthode de séparation de variables, les fonctions propres et les valeurs propres des modes dans un guide d ondes infini à parois rigides et contruire le champs acoustique total', ''),
(60, 'S6', 's6guidonde02', 'Déterminer le champs acoustique total dans un guide d ondes à parois rigides avec source.', ''),
(61, 'S6', 's6guidonde03', 'Maitriser les concepts de vitesse de phase, de groupe et les courbes associées en fonction de la fréquence, les modes propagatifs et évanescents, et calculer les flux d''énergie dans un guide d ondes', ''),
(62, 'S6', 's6guidonde04', 'Déterminer l''équation de dispersion pour un guide d ondes infini à parois traitées', ''),
(63, 'S6', 's6guidonde05', 'Calculer les coefficients de réflexion et de transmission des modes dans un guide d ondes infini à parois rigides avec une discontinuité', ''),
(64, 'S6', 's6guidonde06', 'Calculer la fonction de Green dans une cavité avec parois rigides', ''),
(65, 'S7', 's7ranmeca01', 'Poser et résoudre un problème de statique du solide rigide avec frottement.', 'http://umtice.univ-lemans.fr/course/view.php?id=2619'),
(66, 'S7', 's7ranmeca02', 'Poser et résoudre un problème de dynamique en translation du solide rigide.', 'http://umtice.univ-lemans.fr/course/view.php?id=2619'),
(67, 'S7', 's7ranmeca03', 'Poser et résoudre un problème de dynamique en mouvement plan du solide rigide.', 'http://umtice.univ-lemans.fr/course/view.php?id=2619');



CREATE TABLE IF NOT EXISTS `Cours` (
  `Cours_id` int(3) NOT NULL DEFAULT '0',
  `Cours_nom` varchar(50) NOT NULL,
  `Cours_lien` varchar(100) DEFAULT NULL,
  `Cours_desc` varchar(250) DEFAULT NULL,
	constraint pk_Cours PRIMARY KEY (`Cours_id`),
  UNIQUE KEY `Cours_id` (`Cours_id`)
) ENGINE=InnoDB DEFAULT CHARSET=utf8;


  
 
-- Дамп данных таблицы `Cours`
--

INSERT INTO `Cours` (`Cours_id`, `Cours_nom`, `Cours_lien`, `Cours_desc`) VALUES
(1, 'Projet MathElec', NULL, NULL),
(2, 'Projet Acoustique', NULL, NULL),
(3, 'Mécanique des fluides', NULL, NULL),
(4, 'Bases de l''instrumentation', NULL, NULL),
(5, 'Acoustique Physique 1', NULL, NULL),
(6, 'Méthode Numérique', NULL, NULL),
(7, 'Mécanique du point', NULL, NULL),
(8, 'Électroacoustique 1', NULL, NULL),
(9, 'Résistance des matériaux', NULL, NULL),
(10, 'Élasticité 2', NULL, NULL),
(11, 'RAN méca', NULL, NULL),
(12, 'Thermodynamique', NULL, NULL),
(13, 'Thermique', NULL, NULL),
(14, 'Électroacoustique 2', NULL, NULL),
(15, 'Guide d''ondes', NULL, NULL),
(16, 'RAN mécanique', NULL, NULL);


CREATE TABLE IF NOT EXISTS `Professeurs` (
  `Professeur_id` int(1) NOT NULL,
  `Professeur_prenom` varchar(35) NOT NULL,
  `Professeur_nom` varchar(35) NOT NULL,
  `Professeur_mail` varchar(35) DEFAULT NULL,
  `Professeur_password` varchar(15) DEFAULT NULL,
  constraint pk_Professeurs PRIMARY KEY (`Professeur_id`),
  UNIQUE KEY `Professeur_id` (`Professeur_id`)
) ENGINE=InnoDB DEFAULT CHARSET=utf8;

--
-- Дамп данных таблицы `Professeurs`
--

INSERT INTO `Professeurs` (`Professeur_id`, `Professeur_prenom`, `Professeur_nom`, `Professeur_mail`, `Professeur_password`) VALUES
(1, 'Charfeddine ', 'Mechri', NULL, NULL),
(2, 'Alann', 'Renault', NULL, NULL),
(3, 'Wenping', 'Bi', NULL, NULL),
(4, 'Christophe', 'Ayrault', NULL, NULL),
(5, 'Jean-Pierre', 'Dalmont', NULL, NULL),
(6, 'Olivier', 'Dazel', NULL, NULL),
(7, 'Catherine', 'Potel', NULL, NULL),
(8, 'Jean-Michel', 'Génevaux', NULL, NULL),
(9, 'Manuel', 'Melon', NULL, NULL),
(10, 'Najat', 'Tahani', NULL, NULL),
(12, 'Bruno', 'Brouard', NULL, NULL),
(13, 'Bernard', 'Castagnède', NULL, NULL),
(14, 'Guillaume', 'Penelet', NULL, NULL),
(15, 'Frédéric', 'Ablitzer', NULL, NULL),
(11, 'Lihore', 'Bertrand', NULL, NULL);

CREATE TABLE IF NOT EXISTS `Etudiants` (
  `identifiant` int(8) NOT NULL,
  `nom` varchar(35) NOT NULL,
  `prenom` varchar(35) NOT NULL,
  `annee` varchar(2) NOT NULL,
  `parcours` varchar(10) DEFAULT NULL,
  `domaine` varchar(7) NOT NULL DEFAULT 'univ',
  `mel` varchar(50) DEFAULT NULL,
 constraint pk_Etudiants PRIMARY KEY (`identifiant`),
  UNIQUE KEY `identifiant` (`identifiant`)
) ENGINE=InnoDB DEFAULT CHARSET=utf8;


INSERT INTO `Etudiants` (`identifiant`, `nom`, `prenom`, `annee`, `parcours`, `domaine`, `mel`) VALUES
(20154790, 'ABBOUR', 'ASMAA', 'L3', 'meca', 'univ', 'Asmaa.Abbour.Etu@univ-lemans.fr'),
(20155106, 'AGAISA', 'FREDERIC', 'L1', '', 'univ', 'Frederic.Agaisa.Etu@univ-lemans.fr'),
(20155455, 'AIT MERRI', 'BOUCHRA', 'L3', 'acou', 'univ', 'Bouchra.Ait_Merri.Etu@univ-lemans.fr'),
(20140676, 'ALEXANDRE', 'LOÏC', 'L2', '', 'univ', 'Loic.Alexandre.Etu@univ-lemans.fr'),
(20103057, 'ALKASSOUM KHALID', 'NADIA', 'L1', '', 'univ', 'Nadia.Alkassoum_Khalid.Etu@univ-lemans.fr'),
(20145633, 'ALRIC', 'ANTOINE', 'L1', '', 'univ', 'Antoine.Alric.Etu@univ-lemans.fr'),
(20144909, 'BARDOUX', 'MATTHIEU', 'L1', '', 'univ', 'Matthieu.Bardoux.Etu@univ-lemans.fr'),
(20156065, 'BELLEUS', 'HATTMANN', 'M2', '', 'univ', 'Hattmann.Belleus.Etu@univ-lemans.fr'),
(20122898, 'BENEDETTI', 'LAURETTE', 'M2', '', 'univ', 'Laurette.Benedetti.Etu@univ-lemans.fr'),
(20101825, 'BENOUARET', 'MEHDI', 'L1', '', 'univ', 'Mehdi.Benouaret.Etu@univ-lemans.fr'),
(20141580, 'BERARD', 'WILLIAM', 'L1', '', 'univ', 'William.Berard.Etu@univ-lemans.fr'),
(20154686, 'BERGEON', 'PABLO', 'L2', '', 'univ', 'Pablo.Bergeon.Etu@univ-lemans.fr'),
(20152695, 'BERNARD', 'LOÏC', 'L1', '', 'univ', 'Loic.Bernard.Etu@univ-lemans.fr'),
(20121892, 'BERTET', 'THÉO', 'L3', 'acou', 'univ', 'Theo.Bertet.Etu@univ-lemans.fr'),
(20130493, 'BESNOIST', 'MARCELIN', 'L3', 'acou', 'univ', 'Marcelin.Besnoist.Etu@univ-lemans.fr'),
(20123023, 'BIGOT', 'BASTIEN', 'M1', '', 'univ', 'Bastien.Bigot.Etu@univ-lemans.fr'),
(20150189, 'BILLAUD', 'LORIS', 'M1', '', 'univ', 'Loris.Billaud.Etu@univ-lemans.fr'),
(20123435, 'BLANQUART', 'ANTHONY', 'M1', '', 'univ', 'Anthony.Blanquart.Etu@univ-lemans.fr'),
(20152174, 'BLUTEAU', 'LÉA', 'L2', '', 'univ', 'Lea.Bluteau.Etu@univ-lemans.fr'),
(20154137, 'BOISSINOT', 'MAEL', 'L3', 'acou', 'univ', 'Mael.Boissinot.Etu@univ-lemans.fr'),
(20151803, 'BOUQUET', 'TRISTAN', 'L1', '', 'univ', 'Tristan.Bouquet.Etu@univ-lemans.fr'),
(20150678, 'BOURIN', 'VICTOR', 'M1', '', 'univ', 'Victor.Bourin.Etu@univ-lemans.fr'),
(20150933, 'BRINON', 'BAPTISTE', 'L1', '', 'univ', 'Baptiste.Brinon.Etu@univ-lemans.fr'),
(20125584, 'BROCARD', 'ANDREW', 'L3', 'acou', 'univ', 'Andrew.Brocard.Etu@univ-lemans.fr'),
(20156053, 'BROCHERIEUX', 'THIBAULT', 'L1', '', 'univ', 'Thibault.Brocherieux.Etu@univ-lemans.fr'),
(20131308, 'BROU', 'N''GOAN', 'L3', 'meca', 'univ', 'NGoan.Brou.Etu@univ-lemans.fr'),
(20143885, 'BROUSSIER', 'BAPTISTE', 'M1', '', 'univ', 'Baptiste.Broussier.Etu@univ-lemans.fr'),
(20143987, 'BUISSON', 'JONAS', 'L3', 'acou', 'univ', 'Jonas.Buisson.Etu@univ-lemans.fr'),
(20152709, 'BUTLER', 'OSCAR', 'L1', '', 'univ', 'Oscar.Butler.Etu@univ-lemans.fr'),
(20111933, 'CAMI', 'ÉLINA', 'M1', '', 'univ', 'Elina.Cami.Etu@univ-lemans.fr'),
(20144910, 'CAO', 'BOXIN', 'L1', '', 'univ', 'Boxin.Cao.Etu@univ-lemans.fr'),
(20111292, 'CARRERO', 'RÉMY', 'M2', '', 'univ', 'remy.Carrero.Etu@univ-lemans.fr'),
(20152200, 'CATHELIN', 'VIVIEN', 'L3', 'acou', 'univ', 'Vivien.Cathelin.Etu@univ-lemans.fr'),
(20122370, 'CAVALIERI', 'THÉO', 'M1', '', 'univ', 'Theo.Cavalieri.Etu@univ-lemans.fr'),
(20141226, 'CERRI', 'LUCAS', 'L2', '', 'univ', 'Lucas.Cerri.Etu@univ-lemans.fr'),
(20140498, 'CHAMPION', 'TANGUY', 'L2', '', 'univ', 'Tanguy.Champion.Etu@univ-lemans.fr'),
(20152456, 'CHAPUY', 'MATTÉO', 'L3', 'acou', 'univ', 'Matteo.Chapuy.Etu@univ-lemans.fr'),
(20154251, 'CHAUVEAU', 'NICOLAS', 'L2', '', 'univ', 'Nicolas.Chauveau.Etu@univ-lemans.fr'),
(20145561, 'CHEN', 'XI', 'L3', 'meca', 'univ', 'Xi_Chen.Etu@univ-lemans.fr'),
(20125716, 'CHEN', 'MING', 'M1', '', 'univ', 'Ming.Chen.Etu@univ-lemans.fr'),
(20131381, 'CHEVALIER', 'LOUIS', 'L3', 'acou', 'univ', 'Louis.Chevalier.Etu@univ-lemans.fr'),
(20141738, 'CHUPIN', 'ADÈLE', 'L2', '', 'univ', 'Adele.Chupin.Etu@univ-lemans.fr'),
(20081766, 'CIRON', 'FABIEN', 'L1', '', 'univ', 'Fabien.Ciron.Etu@univ-lemans.fr'),
(20121300, 'COHEN', 'MEHDI', 'L1', '', 'univ', 'Mehdi.Cohen.Etu@univ-lemans.fr'),
(20151267, 'COMBASTEIX', 'BENOIT', 'L1', '', 'univ', 'Benoit.Combasteix.Etu@univ-lemans.fr'),
(20133458, 'CONTOUR', 'BAPTISTE', 'L3', 'acou', 'univ', 'Baptiste.Contour.Etu@univ-lemans.fr'),
(20151050, 'CORMIER', 'PIERRE-LOUIS', 'L1', '', 'univ', 'Pierre-Louis.Cormier.Etu@univ-lemans.fr'),
(20120427, 'COR1', 'GWENIVIG', 'L3', 'acou', 'univ', 'Gwenivig.Cor1.Etu@univ-lemans.fr'),
(20152561, 'COTTAIS', 'ANTOINE', 'L1', '', 'univ', 'Antoine.Cottais.Etu@univ-lemans.fr'),
(20154882, 'COULON', 'SWANN', 'L1', '', 'univ', 'Swann.Coulon.Etu@univ-lemans.fr'),
(20096468, 'CUI', 'BOSHU', 'L3', 'acou', 'univ', 'Boshu.Cui.Etu@univ-lemans.fr'),
(20153137, 'DE MEYER', 'SACHA', 'L1', '', 'univ', 'Sacha.de_Meyer.Etu@univ-lemans.fr'),
(20152178, 'DEBIAIS', 'CORENTIN', 'L2', '', 'univ', 'Corentin.Debiais.Etu@univ-lemans.fr'),
(20130865, 'DEBONNE', 'VALENTIN', 'L1', '', 'univ', 'Valentin.Debonne.Etu@univ-lemans.fr'),
(20144278, 'DECUP', 'FÉLIX', 'L2', '', 'univ', 'Felix.Decup.Etu@univ-lemans.fr'),
(20112207, 'DEFONTAINE', 'JEAN-SULIAC', 'M2', '', 'univ', 'Jean-Suliac.Defontaine.Etu@univ-lemans.fr'),
(20143665, 'DELALANDE', 'RONAN', 'M1', '', 'univ', 'ronan.Delalande.Etu@univ-lemans.fr'),
(20124049, 'DESCHAMPS', 'VIRGIL', 'L3', 'acou', 'univ', 'Virgil.Deschamps.Etu@univ-lemans.fr'),
(20144319, 'DESNOS', 'GUIRAL', 'M2', '', 'univ', 'Guiral.Desnos.Etu@univ-lemans.fr'),
(20141328, 'DESNOS', 'SIMON', 'L1', '', 'univ', 'Simon.Desnos.Etu@univ-lemans.fr'),
(20155652, 'DESPRES', 'CLÉMENT', 'L1', '', 'univ', 'Clement.Despres.Etu@univ-lemans.fr'),
(20150029, 'DI CARLO', 'BENJAMIN', 'L1', '', 'univ', 'Benjamin.Di_Carlo.Etu@univ-lemans.fr'),
(20130551, 'DIABATE', 'SAMUEL', 'L3', 'acou', 'univ', 'Samuel.Diabate.Etu@univ-lemans.fr'),
(20145024, 'DIALLO', 'BAYE ELY', 'L3', 'meca', 'univ', 'Baye_Ely.Diallo.Etu@univ-lemans.fr'),
(20102474, 'DIALLO', 'OUMAR', 'L3', 'acou', 'univ', 'Oumar.Diallo.Etu@univ-lemans.fr'),
(20143058, 'DINGA', 'ANDY', 'L1', '', 'univ', 'Andy.Dinga.Etu@univ-lemans.fr'),
(20110601, 'DINSENMEYER', 'ALICE', 'M2', '', 'univ', 'Alice.Dinsenmeyer.Etu@univ-lemans.fr'),
(20125872, 'DUBOSQ', 'THIBAULT', 'L3', 'meca', 'univ', 'Thibault.Dubosq.Etu@univ-lemans.fr'),
(20142083, 'DUROY', 'ANNE-LISE', 'L2', '', 'univ', 'Anne-Lise.Duroy.Etu@univ-lemans.fr'),
(20134009, 'DUSSIN-RICHARD', 'FANNY', 'L3', 'meca', 'univ', 'Fanny.Dussin-richard.Etu@univ-lemans.fr'),
(20154394, 'EL OMARI', 'SAÏD', 'L3', 'acou', 'univ', 'Said.el_Omari.Etu@univ-lemans.fr'),
(20144089, 'EL SAWAF', 'OSSEN', 'M2', '', 'univ', 'Ossen.el_Sawaf.Etu@univ-lemans.fr'),
(20113067, 'ELISABETH', 'FRANCK', 'M1', '', 'univ', 'Franck.Elisabeth.Etu@univ-lemans.fr'),
(20140475, 'FABRE', 'FRANÇOIS', 'L2', '', 'univ', 'Francois.Fabre.Etu@univ-lemans.fr'),
(20115289, 'FEI', 'LINYU', 'M1', '', 'univ', 'Linyu.Fei.Etu@univ-lemans.fr'),
(20151895, 'FOUCHER', 'ROMAIN', 'L1', '', 'univ', 'romain.Foucher.Etu@univ-lemans.fr'),
(20154991, 'FRESLON-LE FLOC''H', 'FIGARO', 'L2', '', 'univ', 'Figaro.Freslon-Le_FlocH.Etu@univ-lemans.fr'),
(20112277, 'GABORIT', 'MATHIEU', 'M2', '', 'univ', 'Mathieu.Gaborit.Etu@univ-lemans.fr'),
(20143239, 'GASTINEAU', 'THOMAS', 'L3', 'acou', 'univ', 'Thomas.Gastineau.Etu@univ-lemans.fr'),
(20153796, 'GAUDET', 'CLOTILDE', 'L1', '', 'univ', 'Clotilde.Gaudet.Etu@univ-lemans.fr'),
(20142915, 'GAURAN', 'THIBAULT', 'L3', 'acou', 'univ', 'Thibault.Gauran.Etu@univ-lemans.fr'),
(20152457, 'GEDOUIN', 'EWEN', 'L3', 'acou', 'univ', 'Ewen.Gedouin.Etu@univ-lemans.fr'),
(20142870, 'GENOUEL', 'FLORIAN', 'L1', '', 'univ', 'Florian_Genouel.Etu@univ-lemans.fr'),
(20142774, 'GHISTELINCK', 'YANN', 'L2', '', 'univ', 'Yann.Ghistelinck.Etu@univ-lemans.fr'),
(20150101, 'GOASDOUÉ', 'RONAN', 'L1', '', 'univ', 'ronan.Goasdoue.Etu@univ-lemans.fr'),
(20110749, 'GOMIS', 'DJESONE', 'L3', 'acou', 'univ', 'Djesone.Gomis.Etu@univ-lemans.fr'),
(20153031, 'GOSTEAU', 'NINA', 'L3', 'acou', 'univ', 'Nina.Gosteau.Etu@univ-lemans.fr'),
(20151274, 'GRALL', 'FLORIAN', 'L1', '', 'univ', 'Florian.Grall.Etu@univ-lemans.fr'),
(20100759, 'GRICH', 'LAHCEN', 'M2', '', 'univ', 'Lahcen.Grich.Etu@univ-lemans.fr'),
(20151177, 'GUÉHO', 'LÉNAÏG', 'L1', '', 'univ', 'Lenaig.Gueho.Etu@univ-lemans.fr'),
(20133964, 'GUIBARD', 'ARTHUR', 'M2', '', 'univ', 'Arthur.Guibard.Etu@univ-lemans.fr'),
(20111711, 'GUILHEM', 'ROMAIN', 'M1', '', 'univ', 'romain.Guilhem.Etu@univ-lemans.fr'),
(20155443, 'GUIMIMI', 'AISSAM', 'L1', '', 'univ', 'Aissam.Guimimi.Etu@univ-lemans.fr'),
(20144533, 'HAJJAJI', 'M''HAMED', 'L3', 'meca', 'univ', 'MHamed.Hajjaji.Etu@univ-lemans.fr'),
(20152085, 'HALLOUIN', 'NATHAN', 'L1', '', 'univ', 'Nathan.Hallouin.Etu@univ-lemans.fr'),
(20154796, 'HAMEAU', 'LOUIS', 'L1', '', 'univ', 'Louis.Hameau.Etu@univ-lemans.fr'),
(20141528, 'HAMONET', 'VICTOR', 'L2', '', 'univ', 'Victor.Hamonet.Etu@univ-lemans.fr'),
(20153383, 'HASSANI', 'KADER', 'L1', '', 'univ', 'Kader.Hassani.Etu@univ-lemans.fr'),
(20140711, 'HAVARD', 'ALEXANDRE', 'L2', '', 'univ', 'Alexandre.Havard.Etu@univ-lemans.fr'),
(20153711, 'HEBERT', 'JEREMY', 'L1', '', 'univ', 'Jeremy_Hebert.Etu@univ-lemans.fr'),
(20153856, 'HERVE', 'LUCAS', 'L1', '', 'univ', 'Lucas.Herve.Etu@univ-lemans.fr'),
(20112175, 'HIE', 'FÉLIX', 'M2', '', 'univ', 'Felix.Hie.Etu@univ-lemans.fr'),
(20112473, 'IGABE', 'CHRISTIAN', 'L3', 'acou', 'univ', 'Christian.Igabe.Etu@univ-lemans.fr'),
(20151094, 'IZAL', 'AYMERIC', 'L1', '', 'univ', 'Aymeric.Izal.Etu@univ-lemans.fr'),
(20151917, 'IZAUTE', 'BENOÏT', 'L1', '', 'univ', 'Benoit.Izaute.Etu@univ-lemans.fr'),
(20142274, 'JAMIER', 'GUILLAUME', 'L2', '', 'univ', 'Guillaume.Jamier.Etu@univ-lemans.fr'),
(20141015, 'JOLLIET', 'CORENTIN', 'L1', '', 'univ', 'Corentin.Jolliet.Etu@univ-lemans.fr'),
(20154186, 'JOLY-VUILLEMIN', 'LEOPOLD', 'L1', '', 'univ', 'Leopold.Joly-Vuillemin.Etu@univ-lemans.fr'),
(20142339, 'JULIENNE', 'THIBAUT', 'L2', '', 'univ', 'Thibaut.Julienne.Etu@univ-lemans.fr'),
(20141991, 'JULLIEN', 'ROMAIN', 'L1', '', 'univ', 'romain.Jullien.Etu@univ-lemans.fr'),
(20122345, 'KAYSER', 'BILL', 'M1', '', 'univ', 'Bill.Kayser.Etu@univ-lemans.fr'),
(20154250, 'KIMRI', 'ISMAEL', 'L3', 'meca', 'univ', 'Ismael.Kimri.Etu@univ-lemans.fr'),
(20143416, 'LABITRIE', 'LOUIS', 'L2', '', 'univ', 'Louis.Labitrie.Etu@univ-lemans.fr'),
(20110583, 'LAMBERT', 'JULIEN', 'M2', '', 'univ', 'Julien_Lambert.Etu@univ-lemans.fr'),
(20144046, 'LAMOTHE', 'NATHALIE', 'L3', 'acou', 'univ', 'Nathalie.Lamothe.Etu@univ-lemans.fr'),
(20096474, 'LAN', 'CHUANJUN', 'M2', '', 'univ', 'Chuanjun.Lan.Etu@univ-lemans.fr'),
(20152346, 'LARDY', 'ANTHONY', 'L1', '', 'univ', 'Anthony.Lardy.Etu@univ-lemans.fr'),
(20153511, 'LARMIGNAT', 'THOMAS', 'L1', '', 'univ', 'Thomas.Larmignat.Etu@univ-lemans.fr'),
(20152535, 'LE BRUN', 'TERENCE', 'L1', '', 'univ', 'Terence.le_Brun.Etu@univ-lemans.fr'),
(20130755, 'LE DEUNF', 'MERYEM', 'L3', 'acou', 'univ', 'Meryem.le_Deunf.Etu@univ-lemans.fr'),
(20121602, 'LE GUENEDAL', 'VINCENT', 'L3', 'acou', 'univ', 'Vincent.le_Guenedal.Etu@univ-lemans.fr'),
(20113098, 'LE MOIGN', 'GOULVEN', 'M1', '', 'univ', 'Goulven.le_Moign.Etu@univ-lemans.fr'),
(20152303, 'LEBERT', 'KENNY', 'L1', '', 'univ', 'Kenny.Lebert.Etu@univ-lemans.fr'),
(20153071, 'LEBOURDAIS', 'MARTIN', 'L1', '', 'univ', 'Martin.Lebourdais.Etu@univ-lemans.fr'),
(20152939, 'LECA', 'KEVIN', 'L1', '', 'univ', 'Kevin.Leca.Etu@univ-lemans.fr'),
(20143621, 'LECHAT', 'BASTIEN', 'L2', '', 'univ', 'Bastien.Lechat.Etu@univ-lemans.fr'),
(20112653, 'LECHAT', 'THOMAS', 'M2', '', 'univ', 'Thomas.Lechat.Etu@univ-lemans.fr'),
(20123064, 'LENG', 'JULIEN', 'M2', '', 'univ', 'Julien.Leng.Etu@univ-lemans.fr'),
(20150944, 'LENGAGNE', 'ARNAUD', 'L2', '', 'univ', 'Arnaud.Lengagne.Etu@univ-lemans.fr'),
(20120288, 'LEROUX', 'GAËL', 'L3', 'acou', 'univ', 'Gael.Leroux.Etu@univ-lemans.fr'),
(20152289, 'LETESSIER', 'HADRIEN', 'L1', '', 'univ', 'Hadrien.Letessier.Etu@univ-lemans.fr'),
(20145466, 'LI', 'JIESEN', 'L3', 'meca', 'univ', 'Jiesen.Li.Etu@univ-lemans.fr'),
(20146510, 'LI', 'JINZHAO', 'L3', 'meca', 'univ', 'Jinzhao.Li.Etu@univ-lemans.fr'),
(20145470, 'LI', 'YUHENG', 'L3', 'meca', 'univ', 'Yuheng.Li.Etu@univ-lemans.fr'),
(20114411, 'LIU', 'HONGYU', 'M1', '', 'univ', 'Hongyu.Liu.Etu@univ-lemans.fr'),
(20126070, 'LIU', 'JUNJIANG', 'L3', 'acou', 'univ', 'Jun.Liu.Etu@univ-lemans.fr'),
(20136291, 'LIU', 'YICHENG', 'L1', '', 'univ', 'Yicheng.Liu.Etu@univ-lemans.fr'),
(20145616, 'LOISON', 'THÉO', 'L1', '', 'univ', 'Theo.Loison.Etu@univ-lemans.fr'),
(20133476, 'LONG', 'DUC', 'L2', '', 'univ', 'Duc.Long.Etu@univ-lemans.fr'),
(20155527, 'LUNAIN', 'DAVID', 'M2', '', 'univ', 'David.Lunain.Etu@univ-lemans.fr'),
(20135478, 'MAACHOU', 'YASSINE', 'L2', '', 'univ', 'Yassine.Maachou.Etu@univ-lemans.fr'),
(20145237, 'MAAOUI', 'MEHDI', 'L3', 'meca', 'univ', 'Mehdi.Maaoui.Etu@univ-lemans.fr'),
(20110743, 'MACQ', 'HIPPOLYTE', 'M1', '', 'univ', 'Hippolyte.Macq.Etu@univ-lemans.fr'),
(20133623, 'MADIGOU', 'FLORIAN', 'M1', '', 'univ', 'Florian.Madigou.Etu@univ-lemans.fr'),
(20155362, 'MAIRE DU POSET', 'ADRIEN', 'L2', '', 'univ', 'Adrien.Maire_du_Poset.Etu@univ-lemans.fr'),
(20151509, 'MALIGE', 'JULIEN', 'L1', '', 'univ', 'Julien.Malige.Etu@univ-lemans.fr'),
(20121059, 'MALLEJAC', 'MATTHIEU', 'M1', '', 'univ', 'Matthieu.Mallejac.Etu@univ-lemans.fr'),
(20124881, 'MANY AKA''A', 'PAUL DESCHANEL', 'M1', '', 'univ', 'Paul_Deschanel.Many_AkaA.Etu@univ-lemans.fr'),
(20152043, 'MARKARIAN', 'MAXIME', 'L1', '', 'univ', 'Maxime.Markarian.Etu@univ-lemans.fr'),
(20140210, 'MARTINEAU', 'CHARLES-ALBAN', 'L1', '', 'univ', 'Charles-Alban.Martineau.Etu@univ-lemans.fr'),
(20152288, 'MARTINEZ Y ROYO', 'MAEVA', 'M2', '', 'univ', 'Maeva.Martinez_Y_royo.Etu@univ-lemans.fr'),
(20152184, 'MASSAL', 'OLIVIER', 'L1', '', 'univ', 'Olivier.Massal.Etu@univ-lemans.fr'),
(20094668, 'MASSOSSA TELO', 'GAUDREY', 'M1', '', 'univ', 'Gaudrey.Massossa_Telo.Etu@univ-lemans.fr'),
(20124211, 'MASTORIS', 'SPYRIDON', 'L3', 'acou', 'univ', 'Spyridon.Mastoris.Etu@univ-lemans.fr'),
(20131941, 'MATTELIN', 'RÉMI', 'L2', '', 'univ', 'remi.Mattelin.Etu@univ-lemans.fr'),
(20111728, 'MAURY', 'GAËTAN', 'M2', '', 'univ', 'Gaetan.Maury.Etu@univ-lemans.fr'),
(20154052, 'MAUTE', 'MAXIME', 'L3', 'meca', 'univ', 'Maxime.Maute.Etu@univ-lemans.fr'),
(20124362, 'MAXAUD', 'AGATHE', 'L2', '', 'univ', 'Agathe.Maxaud.Etu@univ-lemans.fr'),
(20154869, 'MAYOUMA', 'ARDIVINE', 'L1', '', 'univ', 'Ardivine.Mayouma.Etu@univ-lemans.fr'),
(20155755, 'MBOUNGOU NGOTH', 'ESPOIR', 'L1', '', 'univ', 'Espoir.Mboungou_Ngoth.Etu@univ-lemans.fr'),
(20130359, 'MERRIEN', 'TONY', 'L3', 'acou', 'univ', 'Tony.Merrien.Etu@univ-lemans.fr'),
(20154613, 'MESNAGER', 'MATTHIEU', 'L1', '', 'univ', 'Matthieu.Mesnager.Etu@univ-lemans.fr'),
(20104004, 'MESSAGIER', 'HOUSSEM-EDDINE', 'L2', '', 'univ', 'Houssem-Eddine.Messagier.Etu@univ-lemans.fr'),
(20150468, 'MESSAGIER', 'OUASSIM', 'L1', '', 'univ', 'Ouassim.Messagier.Etu@univ-lemans.fr'),
(20133341, 'METEYER', 'ERWAN', 'L3', 'acou', 'univ', 'Erwan.Meteyer.Etu@univ-lemans.fr'),
(20143381, 'MICHAUD', 'FÉLIX', 'L2', '', 'univ', 'Felix.Michaud.Etu@univ-lemans.fr'),
(20153750, 'MICHEL', 'NILS', 'L1', '', 'univ', 'Nils.Michel.Etu@univ-lemans.fr'),
(20131589, 'MICHELON', 'FLORIAN', 'L2', '', 'univ', 'Florian.Michelon.Etu@univ-lemans.fr'),
(20143878, 'MONNIER', 'JEAN', 'M1', '', 'univ', 'Jean.Monnier.Etu@univ-lemans.fr'),
(20093726, 'MONNY DAIDO ESSAKA', 'DANIEL', 'M2', '', 'univ', 'Daniel.Monny_Daido_Essaka.Etu@univ-lemans.fr'),
(20112192, 'MORGANT', 'VICTOR', 'L1', '', 'univ', 'Victor.Morgant.Etu@univ-lemans.fr'),
(20151938, 'MOTTIER', 'EMERIC', 'L1', '', 'univ', 'Emeric.Mottier.Etu@univ-lemans.fr'),
(20133800, 'NGATCHOU-DOKOSSI', 'JUNIOR', 'L1', '', 'univ', 'Junior.Ngatchou-Dokossi.Etu@univ-lemans.fr'),
(20155363, 'NIEZ', 'BAPTISTE', 'L1', '', 'univ', 'Baptiste.Niez.Etu@univ-lemans.fr'),
(20125720, 'NIU', 'BOCHUAN', 'M1', '', 'univ', 'Bochuan.Niu.Etu@univ-lemans.fr'),
(20153924, 'NOUVELIERE', 'BENJAMIN', 'L1', '', 'univ', 'Benjamin.Nouveliere.Etu@univ-lemans.fr'),
(20151070, 'OKTAY', 'SAMED', 'L1', '', 'univ', 'Samed.Oktay.Etu@univ-lemans.fr'),
(20133031, 'OTMANI', 'AMINE', 'L2', '', 'univ', 'Amine.Otmani.Etu@univ-lemans.fr'),
(20155337, 'OUALET', 'NATHAN', 'L1', '', 'univ', 'Nathan.Oualet.Etu@univ-lemans.fr'),
(20131594, 'OUSMANOV', 'SAID MAGOMED', 'L1', '', 'univ', 'Said.Ousmanov.Etu@univ-lemans.fr'),
(20144037, 'OVIEDO SEGURA', 'DANIEL', 'L1', '', 'univ', 'Daniel.Oviedo_Segura.Etu@univ-lemans.fr'),
(20132870, 'PANCHER', 'PIERRE-LOUIS', 'L3', 'acou', 'univ', 'Pierre-Louis.Pancher.Etu@univ-lemans.fr'),
(20111455, 'PAPET', 'LÉO', 'M2', '', 'univ', 'Leo.Papet.Etu@univ-lemans.fr'),
(20154508, 'PASTOURET', 'GILLES', 'L1', '', 'univ', 'Gilles.Pastouret.Etu@univ-lemans.fr'),
(20143880, 'PAVLISTA', 'JUSTIN', 'L3', 'acou', 'univ', 'Justin.Pavlista.Etu@univ-lemans.fr'),
(20150789, 'PELLOIN', 'VALENTIN', 'L1', '', 'univ', 'Valentin.Pelloin.Etu@univ-lemans.fr'),
(20153804, 'PRESOTTO', 'HUGO', 'L1', '', 'univ', 'Hugo.Presotto.Etu@univ-lemans.fr'),
(20101803, 'PROD''HOMME', 'ARTHUR', 'L1', '', 'univ', 'Arthur.ProdHomme.Etu@univ-lemans.fr'),
(20105786, 'QIAN', 'CHENG', 'M2', '', 'univ', 'Cheng.Qian.Etu@univ-lemans.fr'),
(20146535, 'QU', 'SHILIN', 'L2', '', 'univ', 'Shilin.Qu.Etu@univ-lemans.fr'),
(20150086, 'RAHAL', 'CÉDRIC', 'L1', '', 'univ', 'Cedric.rahal.Etu@univ-lemans.fr'),
(20151170, 'RAKOTOVAZAHA', 'TIMOTHY', 'L1', '', 'univ', 'Timothy.rakotovazaha.Etu@univ-lemans.fr'),
(20150461, 'RAPPIN', 'CLÉMENT', 'L1', '', 'univ', 'Clement.rappin.Etu@univ-lemans.fr'),
(20144220, 'RASSART', 'STEVEN', 'M2', '', 'univ', 'Steven.rassart.Etu@univ-lemans.fr'),
(20152451, 'REAN-CONTO', 'LORENZO', 'L1', '', 'univ', 'Lorenzo.rean-Conto.Etu@univ-lemans.fr'),
(20110399, 'REMOND', 'ANTOINE', 'M1', '', 'univ', 'Antoine.remond.Etu@univ-lemans.fr'),
(20131945, 'ROMMÉ', 'ALEXIS', 'L2', '', 'univ', 'Alexis.romme.Etu@univ-lemans.fr'),
(20133192, 'RYLIAKOVA', 'MARIIA', 'L1', '', 'univ', 'Mariia.ryliakova.Etu@univ-lemans.fr'),
(20141595, 'SADONNET', 'ALEXANDRE', 'L1', '', 'univ', 'Alexandre.Sadonnet.Etu@univ-lemans.fr'),
(20152046, 'SANTINO', 'OCTAVE', 'M2', '', 'univ', 'Octave.Cartier-Santino.Etu@univ-lemans.fr'),
(20123792, 'SAURON', 'NATHAN', 'M2', '', 'univ', 'Nathan.Sauron.Etu@univ-lemans.fr'),
(20151611, 'SAVERNA', 'CHARLOTTE', 'M1', '', 'univ', 'Charlotte.Saverna.Etu@univ-lemans.fr'),
(20112881, 'SBIY', 'ADIL', 'M1', '', 'univ', 'Adil.Sbiy.Etu@univ-lemans.fr'),
(20150340, 'SEBILLE', 'FLORIAN', 'L1', '', 'univ', 'Florian.Sebille.Etu@univ-lemans.fr'),
(20154122, 'SEHBANI', 'HAYAT', 'L3', 'meca', 'univ', 'Hayat.Sehbani.Etu@univ-lemans.fr'),
(20132942, 'SIMÉONI', 'HERMES', 'L2', '', 'univ', 'Hermes.Simeoni.Etu@univ-lemans.fr'),
(20153914, 'SIVADON', 'AUDREY', 'L2', '', 'univ', 'Audrey.Sivadon.Etu@univ-lemans.fr'),
(20154650, 'SOMVILLE', 'ALEXANDRE', 'L1', '', 'univ', 'Alexandre.Somville.Etu@univ-lemans.fr'),
(20124934, 'TADONTSA TEKEU', 'BORIS ACHILLE', 'M1', '', 'univ', 'Boris_Achille.Tadontsa_Tekeu.Etu@univ-lemans.fr'),
(20146474, 'TANG', 'YU KE', 'L1', '', 'univ', 'Yu_Ke.Tang.Etu@univ-lemans.fr'),
(20135724, 'TCHOUBOUM A GAM', 'EVELYNE GHISLAINE', 'M2', '', 'univ', 'Evelyne.Tchouboum_A_Gam.Etu@univ-lemans.fr'),
(20142908, 'TERRIEN', 'ALEXANDRE', 'L1', '', 'univ', 'Alexandre.Terrien.Etu@univ-lemans.fr'),
(20112263, 'TERROIR', 'ARTHUR', 'L3', 'acou', 'univ', 'Arthur.Terroir.Etu@univ-lemans.fr'),
(20143364, 'TESTARD', 'STEVEN', 'L1', '', 'univ', 'Steven.Testard.Etu@univ-lemans.fr'),
(20146292, 'TEYSSIER', 'TITOUAN', 'L1', '', 'univ', 'Titouan.Teyssier.Etu@univ-lemans.fr'),
(20145266, 'THONY', 'SÉBASTIEN', 'L2', '', 'univ', 'Sebastien.Thony.Etu@univ-lemans.fr'),
(20135555, 'THRÉARD', 'THÉO', 'L3', 'acou', 'univ', 'Theo.Threard.Etu@univ-lemans.fr'),
(20155360, 'TOIBIBOU', 'ABDALLAH', 'L1', '', 'univ', 'Abdallah.Toibibou.Etu@univ-lemans.fr'),
(20115588, 'TONG', 'HAOYANG', 'M2', '', 'univ', 'Haoyang.Tong.Etu@univ-lemans.fr'),
(20150409, 'TOUSSAINT', 'HUGO', 'L1', '', 'univ', 'Hugo.Toussaint.Etu@univ-lemans.fr'),
(20151628, 'TROTTIER', 'ARTHUR', 'L1', '', 'univ', 'Arthur.Trottier.Etu@univ-lemans.fr'),
(20144297, 'VAN BAARSEL', 'TOBIAS', 'M2', '', 'univ', 'Tobias.Van_Baarsel.Etu@univ-lemans.fr'),
(20151890, 'VERWICHT', 'LUCAS', 'L1', '', 'univ', 'Lucas.Verwicht.Etu@univ-lemans.fr'),
(97002413, 'VIVION', 'AURELIEN', 'M2', '', 'univ', 'Aurelien.Vivion.Etu@univ-lemans.fr'),
(20146007, 'WADJI TCHUISSI', 'ARMAND BRICE', 'M1', '', 'univ', 'Armand_Brice.Wadji_Tchuissi.Etu@univ-lemans.fr'),
(20125717, 'WANG', 'AO', 'M1', '', 'univ', 'Ao.Wang.Etu@univ-lemans.fr'),
(20134885, 'WU', 'SIMIAO', 'L3', 'acou', 'univ', 'Simiao.Wu.Etu@univ-lemans.fr'),
(20126067, 'XIA', 'YIN', 'L3', 'acou', 'univ', 'Yin.Xia.Etu@univ-lemans.fr'),
(20146514, 'XUE', 'MIN', 'L3', 'meca', 'univ', 'Min.Xue.Etu@univ-lemans.fr'),
(20155026, 'YAHIAOUI', 'KAHINA', 'L1', '', 'univ', 'Kahina.Yahiaoui.Etu@univ-lemans.fr'),
(20125707, 'YAO', 'JIANI', 'L3', 'acou', 'univ', 'Jiani.Yao.Etu@univ-lemans.fr'),
(20146455, 'YAO', 'WENCONG', 'L1', '', 'univ', 'Wencong.Yao.Etu@univ-lemans.fr'),
(20096066, 'YODJOUEN', 'CEDRIC ULRICH', 'M1', '', 'univ', 'Cedric_Ulrich.Yodjouen.Etu@univ-lemans.fr'),
(20124951, 'YONGA NDJOMI', 'EDDIE PACHELIE', 'M1', '', 'univ', 'Eddie_Pachelie.Yonga_Ndjomi.Etu@univ-lemans.fr'),
(20094452, 'YU', 'XIAOYANG', 'M2', '', 'univ', 'Xiaoyang.Yu.Etu@univ-lemans.fr'),
(20105931, 'YUAN', 'JUNCHAO', 'M1', '', 'univ', 'Junchao.Yuan.Etu@univ-lemans.fr'),
(20130318, 'ZHANG', 'FAN', 'L1', '', 'univ', 'Zhang.Fan.Etu@univ-lemans.fr'),
(20105790, 'ZHANG', 'GUISONG', 'M1', '', 'univ', 'Guisong.Zhang.Etu@univ-lemans.fr'),
(20115595, 'ZHANG', 'LIUJIAN', 'M2', '', 'univ', 'Liujian.Zhang.Etu@univ-lemans.fr'),
(20105792, 'ZHANG', 'NAN', 'M1', '', 'univ', 'Nan.Zhang.Etu@univ-lemans.fr'),
(20136267, 'ZHANG', 'NIANLU', 'L2', '', 'univ', 'Nianlu.Zhang.Etu@univ-lemans.fr'),
(20136288, 'ZHOU', 'LITAO', 'L3', 'meca', 'univ', 'Litao.Zhou.Etu@univ-lemans.fr');

CREATE TABLE IF NOT EXISTS `CompCours` (
  `CompCours_CompId` int(3) NOT NULL,
  `CompCours_CoursId` int(3) NOT NULL,
   constraint pk_CompCours PRIMARY KEY  (`CompCours_CompId`,  `CompCours_CoursId`),
    CONSTRAINT fk_COMPCOURS1 FOREIGN KEY (CompCours_CoursId)
   REFERENCES cours(Cours_id)
   ON DELETE CASCADE
  ON UPDATE CASCADE,
     CONSTRAINT fk_COMPCOURS2 FOREIGN KEY (CompCours_CompId)
   REFERENCES competences(Competence_id)
   ON DELETE CASCADE
  ON UPDATE CASCADE  
) ENGINE=InnoDB  DEFAULT CHARSET=utf8;

INSERT INTO `CompCours` (`CompCours_CompId`, `CompCours_CoursId`) VALUES
(1, 1),
(2, 1),
(3, 1),
(4, 2),
(5, 2),
(6, 3),
(7, 4),
(8, 4),
(9, 4),
(10, 4),
(11, 5),
(12, 5),
(13, 5),
(14, 5),
(15, 6),
(16, 7),
(17, 7),
(18, 7),
(19, 7),
(20, 7),
(21, 7),
(22, 7),
(23, 7),
(24, 8),
(25, 8),
(26, 8),
(27, 8),
(28, 8),
(29, 9),
(30, 9),
(31, 9),
(32, 9),
(33, 9),
(34, 10),
(35, 10),
(36, 10),
(37, 10),
(38, 10),
(39, 11),
(40, 11),
(41, 11),
(42, 11),
(43, 11),
(44, 12),
(45, 12),
(46, 12),
(47, 12),
(48, 12),
(49, 12),
(50, 12),
(51, 13),
(52, 13),
(53, 13),
(54, 13),
(55, 13),
(56, 14),
(57, 14),
(58, 14),
(59, 15),
(60, 15),
(61, 15),
(62, 15),
(63, 15),
(64, 15),
(65, 15),
(66, 15),
(67, 15);

CREATE TABLE IF NOT EXISTS `CoursProf` (
  `CoursProf_CoursId` int(11) NOT NULL,
  `CoursProf_ProfId` int(11) NOT NULL,
  constraint pk_CoursProf PRIMARY KEY (`CoursProf_CoursId`,`CoursProf_ProfId`),
  constraint fk_COURSRESP FOREIGN KEY (CoursProf_CoursId)
REFERENCES Cours(Cours_id)
ON DELETE CASCADE
  ON UPDATE CASCADE,
   constraint fk_COURSRESP2 FOREIGN KEY (CoursProf_ProfId)
	REFERENCES Professeurs (Professeur_id)
	ON DELETE CASCADE
  ON UPDATE CASCADE
) ENGINE=InnoDB DEFAULT CHARSET=utf8;

--
-- Дамп данных таблицы `CoursProf`
--

INSERT INTO `CoursProf` (`CoursProf_CoursId`, `CoursProf_ProfId`) VALUES
(1, 1),
(2, 2),
(3, 3),
(4, 4),
(5, 5),
(6, 6),
(7, 7),
(8, 9),
(9, 8),
(10, 10),
(11, 7),
(12, 12),
(13, 13),
(14, 14),
(15, 15),
(4, 11),
(7, 8),
(11, 8),
(10, 8),
(8, 8),
(15, 3);

CREATE TABLE IF NOT EXISTS `CoursEtud` (
  `CoursEtud_CoursId` int(3) NOT NULL,
  `CoursEtud_EtudiantId` int(8) NOT NULL,
  constraint pk_CoursEtud PRIMARY KEY (`CoursEtud_CoursId`,`CoursEtud_EtudiantId`),
	CONSTRAINT fk_COURSETUD1 FOREIGN KEY (CoursEtud_CoursId)
	REFERENCES Cours(Cours_id)
	ON DELETE CASCADE
	ON UPDATE CASCADE,
   constraint fk_COURSETUD2 FOREIGN KEY (CoursEtud_EtudiantId)
	REFERENCES Etudiants (identifiant)
	ON DELETE CASCADE
  ON UPDATE CASCADE
) ENGINE=InnoDB DEFAULT CHARSET=utf8;


INSERT INTO `CoursEtud` (`CoursEtud_CoursId`, `CoursEtud_EtudiantId`) VALUES
(2, 20150933),
(2, 20151050),
(2, 20142870),
(2, 20151177),
(2, 20151094),
(2, 20153511),
(2, 20154869),
(2, 20151938),
(2, 20151070),
(2, 20150789),
(2, 20146474),
(2, 20151628),
(5, 20140676),
(5, 20154686),
(5, 20152174),
(5, 20141226),
(5, 20140498),
(5, 20154251),
(5, 20141738),
(5, 20096468),
(5, 20152178),
(5, 20144278),
(5, 20142083),
(5, 20140475),
(5, 20154991),
(5, 20142774),
(5, 20141528),
(5, 20140711),
(5, 20142274),
(5, 20142339),
(5, 20143416),
(5, 20143621),
(5, 20150944),
(5, 20133476),
(5, 20135478),
(5, 20155362),
(5, 20131941),
(5, 20124362),
(5, 20104004),
(5, 20143381),
(5, 20131589),
(5, 20133031),
(5, 20146535),
(5, 20131945),
(5, 20132942),
(5, 20153914),
(5, 20145266),
(5, 20136267),
(6, 20154790),
(6, 20123435),
(6, 20131308),
(6, 20143885),
(6, 20125716),
(6, 20143665),
(6, 20125872),
(6, 20134009),
(6, 20113067),
(6, 20115289),
(6, 20122345),
(6, 20154250),
(6, 20146510),
(6, 20114411),
(6, 20110743),
(6, 20121059),
(6, 20154052),
(6, 20125720),
(6, 20154122),
(6, 20146514),
(6, 20105931),
(6, 20105790),
(6, 20105792),
(8, 20140676),
(8, 20154686),
(8, 20141226),
(8, 20140498),
(8, 20154251),
(8, 20141738),
(8, 20152178),
(8, 20144278),
(8, 20130551),
(8, 20102474),
(8, 20142083),
(8, 20140475),
(8, 20154991),
(8, 20110749),
(8, 20141528),
(8, 20140711),
(8, 20142274),
(8, 20142339),
(8, 20143416),
(8, 20143621),
(8, 20150944),
(8, 20133476),
(8, 20135478),
(8, 20155362),
(8, 20124362),
(8, 20143381),
(8, 20131589),
(8, 20146535),
(8, 20131945),
(8, 20153914),
(8, 20145266),
(8, 20136267),
(9, 20140676),
(9, 20154686),
(9, 20141738),
(9, 20152178),
(9, 20144278),
(9, 20142083),
(9, 20154991),
(9, 20141528),
(9, 20143416),
(9, 20121602),
(9, 20143621),
(9, 20150944),
(9, 20135478),
(9, 20155362),
(9, 20124362),
(9, 20143381),
(9, 20131945),
(9, 20153914),
(9, 20145266),
(9, 20141226),
(9, 20140498),
(9, 20140475),
(9, 20142274),
(9, 20142339),
(9, 20133476),
(9, 20146535),
(9, 20136267),
(9, 20130493),
(9, 20154251),
(9, 20131381),
(9, 20124049),
(9, 20130551),
(9, 20143239),
(9, 20142915),
(9, 20140711),
(9, 20130755),
(9, 20120288),
(9, 20126070),
(9, 20130359),
(9, 20133341),
(9, 20131589),
(9, 20132870),
(9, 20143880),
(9, 20134885),
(9, 20125707),
(10, 20115289),
(10, 20154790),
(10, 20123435),
(10, 20131308),
(10, 20143885),
(10, 20125716),
(10, 20143665),
(10, 20125872),
(10, 20134009),
(10, 20113067),
(10, 20122345),
(10, 20154250),
(10, 20146510),
(10, 20114411),
(10, 20110743),
(10, 20121059),
(10, 20154052),
(10, 20125720),
(10, 20154122),
(10, 20146514),
(10, 20105931),
(10, 20105790),
(10, 20105792),
(10, 20136288),
(12, 20154790),
(12, 20121892),
(12, 20150189),
(12, 20123435),
(12, 20154137),
(12, 20150678),
(12, 20125584),
(12, 20131308),
(12, 20143885),
(12, 20152200),
(12, 20122370),
(12, 20152456),
(12, 20145561),
(12, 20125716),
(12, 20131381),
(12, 20133458),
(12, 20120427),
(12, 20096468),
(12, 20143665),
(12, 20124049),
(12, 20130551),
(12, 20145024),
(12, 20102474),
(12, 20125872),
(12, 20134009),
(12, 20154394),
(12, 20113067),
(12, 20115289),
(12, 20143239),
(12, 20142915),
(12, 20152457),
(12, 20110749),
(12, 20153031),
(12, 20111711),
(12, 20144533),
(12, 20112473),
(12, 20122345),
(12, 20154250),
(12, 20144046),
(12, 20130755),
(12, 20120288),
(12, 20146510),
(12, 20114411),
(12, 20126070),
(12, 20145237),
(12, 20110743),
(12, 20133623),
(12, 20121059),
(12, 20124881),
(12, 20094668),
(12, 20124211),
(12, 20154052),
(12, 20130359),
(12, 20133341),
(12, 20143878),
(12, 20125720),
(12, 20132870),
(12, 20143880),
(12, 20151611),
(12, 20112881),
(12, 20154122),
(12, 20124934),
(12, 20112263),
(12, 20135555),
(12, 20146007),
(12, 20125717),
(12, 20134885),
(12, 20126067),
(12, 20146514),
(12, 20125707),
(12, 20096066),
(12, 20124951),
(12, 20105931),
(12, 20105790),
(12, 20105792),
(12, 20136288),
(12, 20143987),
(13, 20154790),
(13, 20154137),
(13, 20131308),
(13, 20143987),
(13, 20152200),
(13, 20145561),
(13, 20133458),
(13, 20120427),
(13, 20125872),
(13, 20134009),
(13, 20152457),
(13, 20144533),
(13, 20154250),
(13, 20120288),
(13, 20146510),
(13, 20126070),
(13, 20154052),
(13, 20130359),
(13, 20154122),
(13, 20134885),
(13, 20126067),
(13, 20146514),
(13, 20125707),
(13, 20136288),
(15, 20154137),
(15, 20125584),
(15, 20131381),
(15, 20133458),
(15, 20120427),
(15, 20124049),
(15, 20102474),
(15, 20154394),
(15, 20143239),
(15, 20142915),
(15, 20152457),
(15, 20110749),
(15, 20153031),
(15, 20144046),
(15, 20130755),
(15, 20120288),
(15, 20126070),
(15, 20124211),
(15, 20130359),
(15, 20133341),
(15, 20132870),
(15, 20143880),
(15, 20112263),
(15, 20135555),
(15, 20134885),
(15, 20126067),
(15, 20125707),
(15, 20150189),
(15, 20123435),
(15, 20150678),
(15, 20143885),
(15, 20122370),
(15, 20125716),
(15, 20143665),
(15, 20113067),
(15, 20115289),
(15, 20111711),
(15, 20122345),
(15, 20114411),
(15, 20110743),
(15, 20133623),
(15, 20121059),
(15, 20124881),
(15, 20094668),
(15, 20143878),
(15, 20125720),
(15, 20151611),
(15, 20112881),
(15, 20124934),
(15, 20146007),
(15, 20125717),
(15, 20096066),
(15, 20124951),
(15, 20105931),
(15, 20105790),
(15, 20105792);



CREATE TABLE IF NOT EXISTS `CompParent` (
  `CompParent_SonId` int(3) NOT NULL,
  `CompParent_FatherId` int(3) NOT NULL,
   constraint pk_CompParent PRIMARY KEY (`CompParent_SonId`,`CompParent_FatherId`),
   CONSTRAINT fk_COMPPAR1 FOREIGN KEY (CompParent_SonId)
   REFERENCES competences(Competence_id)
   ON DELETE CASCADE
   ON UPDATE CASCADE,
   constraint fk_COMPPAR2 FOREIGN KEY (CompParent_FatherId)
	REFERENCES competences(Competence_id)
	ON DELETE CASCADE
  ON UPDATE CASCADE
) ENGINE=InnoDB DEFAULT CHARSET=utf8 COMMENT='CodeId1 - son, CodeId2 - Parent';

--
-- Дамп данных таблицы `CompParent`
--

INSERT INTO `CompParent` (`CompParent_SonId`, `CompParent_FatherId`) VALUES
('2', '1'),
('3', '2'),
('5', '4'),
('7', '4'),
('8', '4'),
('9', '4'),
('10', '7'),
('12', '11'),
('13', '11'),
('14', '12'),
('17', '16'),
('19', '21'),
('20', '19'),
('21', '19'),
('22', '21'),
('23', '22'),
('24', '1'),
('25', '24'),
('26', '4'),
('27', '4'),
('28', '2'),
('30', '31'),
('31', '17'),
('32', '31'),
('33', '32'),
('34', '37'),
('35', '15'),
('37', '38'),
('38', '35'),
('40', '22'),
('41', '23'),
('42', '43'),
('45', '46'),
('46', '44'),
('50', '46'),
('51', '52'),
('52', '53'),
('53', '52'),
('55', '52'),
('56', '24'),
('59', '12'),
('60', '59'),
('61', '59'),
('62', '59'),
('63', '61'),
('64', '60'),
('65', '21'),
('66', '65'),
('67', '66'),
('5', '2'),
('8', '3'),
('10', '8'),
('17', '18'),
('21', '16'),
('25', '7'),
('26', '25'),
('27', '24'),
('28', '24'),
('34', '38'),
('35', '19'),
('41', '40'),
('45', '47'),
('50', '49'),
('51', '55'),
('53', '54'),
('62', '61'),
('63', '60'),
('10', '9'),
('27', '8'),
('34', '36'),
('45', '48'),
('50', '47'),
('62', '13'),
('10', '5'),
('50', '48');



CREATE TABLE IF NOT EXISTS `CompEtud` (
  `CompEtud_CompetenceId` int(3)  NOT NULL,
  `CompEtud_EtudiantId` int(8) NOT NULL,
  `CompEtud_Etat` int(1) NOT NULL,
constraint pk_CompEtud PRIMARY KEY (`CompEtud_EtudiantId`,`CompEtud_CompetenceId`),
   CONSTRAINT fk_COMPETUD FOREIGN KEY (CompEtud_CompetenceId)
REFERENCES competences(`Competence_id`)
ON DELETE CASCADE
  ON UPDATE CASCADE,
    
   constraint fk_COMPETUD2 FOREIGN KEY (CompEtud_EtudiantId)
	REFERENCES Etudiants (identifiant)
	ON DELETE CASCADE
  ON UPDATE CASCADE
) ENGINE=InnoDB DEFAULT CHARSET=utf8;

INSERT INTO `CompEtud` (`CompEtud_CompetenceId`, `CompEtud_EtudiantId`, `CompEtud_Etat`) VALUES
('4', 20150933, 3),
('4', 20151050, 2),
('4', 20142870, 3),
('4', 20151177, 1),
('4', 20151094, 3),
('4', 20153511, 3),
('4', 20154869, 1),
('4', 20151938, 3),
('4', 20151070, 2),
('4', 20150789, 2),
('4', 20146474, 3),
('4', 20151628, 2),
('5', 20150933, 2),
('5', 20151050, 1),
('5', 20142870, 1),
('5', 20151177, 2),
('5', 20151094, 1),
('5', 20153511, 2),
('5', 20154869, 1),
('5', 20151938, 2),
('5', 20151070, 3),
('5', 20150789, 3),
('5', 20146474, 2),
('5', 20151628, 2),
('11', 20140676, 1),
('11', 20154686, 3),
('11', 20152174, 1),
('11', 20141226, 1),
('11', 20140498, 1),
('11', 20154251, 1),
('11', 20141738, 1),
('11', 20096468, 1),
('11', 20152178, 3),
('11', 20144278, 1),
('11', 20142083, 1),
('11', 20140475, 3),
('11', 20154991, 1),
('11', 20142774, 1),
('11', 20141528, 1),
('11', 20140711, 1),
('11', 20142274, 1),
('11', 20142339, 1),
('11', 20143416, 1),
('11', 20143621, 1),
('11', 20150944, 3),
('11', 20133476, 1),
('11', 20135478, 3),
('11', 20155362, 1),
('11', 20131941, 1),
('11', 20124362, 1),
('11', 20104004, 1),
('11', 20143381, 1),
('11', 20131589, 1),
('11', 20133031, 1),
('11', 20146535, 3),
('11', 20131945, 1),
('11', 20132942, 1),
('11', 20153914, 1),
('11', 20145266, 1),
('11', 20136267, 1),
('12', 20140676, 1),
('12', 20154686, 1),
('12', 20152174, 1),
('12', 20141226, 1),
('12', 20140498, 1),
('12', 20154251, 1),
('12', 20141738, 1),
('12', 20096468, 1),
('12', 20152178, 1),
('12', 20144278, 1),
('12', 20142083, 1),
('12', 20140475, 3),
('12', 20154991, 1),
('12', 20142774, 1),
('12', 20141528, 1),
('12', 20140711, 1),
('12', 20142274, 1),
('12', 20142339, 1),
('12', 20143416, 1),
('12', 20143621, 1),
('12', 20150944, 3),
('12', 20133476, 1),
('12', 20135478, 1),
('12', 20155362, 1),
('12', 20131941, 1),
('12', 20124362, 1),
('12', 20104004, 1),
('12', 20143381, 1),
('12', 20131589, 1),
('12', 20133031, 1),
('12', 20146535, 3),
('12', 20131945, 1),
('12', 20132942, 1),
('12', 20153914, 1),
('12', 20145266, 1),
('12', 20136267, 1),
('13', 20140676, 1),
('13', 20154686, 1),
('13', 20152174, 1),
('13', 20141226, 1),
('13', 20140498, 1),
('13', 20154251, 1),
('13', 20141738, 1),
('13', 20096468, 1),
('13', 20152178, 1),
('13', 20144278, 1),
('13', 20142083, 1),
('13', 20140475, 1),
('13', 20154991, 1),
('13', 20142774, 1),
('13', 20141528, 1),
('13', 20140711, 1),
('13', 20142274, 1),
('13', 20142339, 1),
('13', 20143416, 1),
('13', 20143621, 1),
('13', 20150944, 1),
('13', 20133476, 1),
('13', 20135478, 1),
('13', 20155362, 1),
('13', 20131941, 1),
('13', 20124362, 1),
('13', 20104004, 1),
('13', 20143381, 1),
('13', 20131589, 1),
('13', 20133031, 1),
('13', 20146535, 1),
('13', 20131945, 1),
('13', 20132942, 1),
('13', 20153914, 1),
('13', 20145266, 1),
('13', 20136267, 1),
('14', 20140676, 1),
('14', 20154686, 1),
('14', 20152174, 1),
('14', 20141226, 1),
('14', 20140498, 1),
('14', 20154251, 1),
('14', 20141738, 1),
('14', 20096468, 1),
('14', 20152178, 1),
('14', 20144278, 1),
('14', 20142083, 1),
('14', 20140475, 1),
('14', 20154991, 1),
('14', 20142774, 1),
('14', 20141528, 1),
('14', 20140711, 1),
('14', 20142274, 1),
('14', 20142339, 1),
('14', 20143416, 1),
('14', 20143621, 1),
('14', 20150944, 3),
('14', 20133476, 1),
('14', 20135478, 1),
('14', 20155362, 1),
('14', 20131941, 1),
('14', 20124362, 1),
('14', 20104004, 1),
('14', 20143381, 1),
('14', 20131589, 1),
('14', 20133031, 1),
('14', 20146535, 1),
('14', 20131945, 1),
('14', 20132942, 1),
('14', 20153914, 1),
('14', 20145266, 1),
('14', 20136267, 1),
('15', 20154790, 3),
('15', 20123435, 3),
('15', 20131308, 3),
('15', 20143885, 3),
('15', 20125716, 3),
('15', 20143665, 3),
('15', 20125872, 3),
('15', 20134009, 3),
('15', 20113067, 3),
('15', 20115289, 3),
('15', 20122345, 3),
('15', 20154250, 3),
('15', 20146510, 3),
('15', 20114411, 3),
('15', 20110743, 3),
('15', 20121059, 3),
('15', 20154052, 3),
('15', 20125720, 3),
('15', 20154122, 3),
('15', 20146514, 3),
('15', 20105931, 3),
('15', 20105790, 3),
('15', 20105792, 3),
('24', 20140676, 3),
('24', 20154686, 3),
('24', 20141226, 2),
('24', 20140498, 1),
('24', 20154251, 2),
('24', 20141738, 3),
('24', 20152178, 3),
('24', 20144278, 3),
('24', 20130551, 3),
('24', 20102474, 3),
('24', 20142083, 2),
('24', 20140475, 3),
('24', 20154991, 2),
('24', 20110749, 3),
('24', 20141528, 2),
('24', 20140711, 3),
('24', 20142274, 2),
('24', 20142339, 2),
('24', 20143416, 3),
('24', 20143621, 3),
('24', 20150944, 3),
('24', 20133476, 2),
('24', 20135478, 2),
('24', 20155362, 2),
('24', 20124362, 3),
('24', 20143381, 3),
('24', 20131589, 2),
('24', 20146535, 2),
('24', 20131945, 3),
('24', 20153914, 3),
('24', 20145266, 3),
('24', 20136267, 2),
('25', 20140676, 3),
('25', 20154686, 3),
('25', 20141226, 3),
('25', 20140498, 2),
('25', 20154251, 3),
('25', 20141738, 3),
('25', 20152178, 2),
('25', 20144278, 3),
('25', 20130551, 3),
('25', 20102474, 3),
('25', 20142083, 3),
('25', 20140475, 3),
('25', 20154991, 3),
('25', 20110749, 3),
('25', 20141528, 3),
('25', 20140711, 3),
('25', 20142274, 2),
('25', 20142339, 3),
('25', 20143416, 2),
('25', 20143621, 3),
('25', 20150944, 2),
('25', 20133476, 3),
('25', 20135478, 3),
('25', 20155362, 3),
('25', 20124362, 3),
('25', 20143381, 3),
('25', 20131589, 2),
('25', 20146535, 3),
('25', 20131945, 2),
('25', 20153914, 2),
('25', 20145266, 2),
('25', 20136267, 3),
('26', 20140676, 3),
('26', 20154686, 3),
('26', 20141226, 3),
('26', 20140498, 1),
('26', 20154251, 1),
('26', 20141738, 3),
('26', 20152178, 1),
('26', 20144278, 2),
('26', 20130551, 3),
('26', 20102474, 1),
('26', 20142083, 1),
('26', 20140475, 2),
('26', 20154991, 1),
('26', 20110749, 1),
('26', 20141528, 3),
('26', 20140711, 3),
('26', 20142274, 3),
('26', 20142339, 1),
('26', 20143416, 1),
('26', 20143621, 3),
('26', 20150944, 1),
('26', 20133476, 2),
('26', 20135478, 2),
('26', 20155362, 2),
('26', 20124362, 1),
('26', 20143381, 2),
('26', 20131589, 2),
('26', 20146535, 2),
('26', 20131945, 3),
('26', 20153914, 2),
('26', 20145266, 1),
('26', 20136267, 1),
('27', 20140676, 2),
('27', 20154686, 3),
('27', 20141226, 2),
('27', 20140498, 2),
('27', 20154251, 2),
('27', 20141738, 1),
('27', 20152178, 1),
('27', 20144278, 2),
('27', 20130551, 1),
('27', 20102474, 3),
('27', 20142083, 2),
('27', 20140475, 2),
('27', 20154991, 2),
('27', 20110749, 2),
('27', 20141528, 2),
('27', 20140711, 3),
('27', 20142274, 2),
('27', 20142339, 2),
('27', 20143416, 2),
('27', 20143621, 3),
('27', 20150944, 2),
('27', 20133476, 1),
('27', 20135478, 3),
('27', 20155362, 1),
('27', 20124362, 1),
('27', 20143381, 2),
('27', 20131589, 2),
('27', 20146535, 1),
('27', 20131945, 3),
('27', 20153914, 3),
('27', 20145266, 3),
('27', 20136267, 2),
('28', 20140676, 2),
('28', 20154686, 2),
('28', 20141226, 1),
('28', 20140498, 1),
('28', 20154251, 1),
('28', 20141738, 2),
('28', 20152178, 1),
('28', 20144278, 1),
('28', 20130551, 2),
('28', 20102474, 1),
('28', 20142083, 2),
('28', 20140475, 2),
('28', 20154991, 1),
('28', 20110749, 1),
('28', 20141528, 2),
('28', 20140711, 1),
('28', 20142274, 2),
('28', 20142339, 2),
('28', 20143416, 3),
('28', 20143621, 2),
('28', 20150944, 3),
('28', 20133476, 1),
('28', 20135478, 2),
('28', 20155362, 2),
('28', 20124362, 3),
('28', 20143381, 2),
('28', 20131589, 1),
('28', 20146535, 1),
('28', 20131945, 2),
('28', 20153914, 2),
('28', 20145266, 2),
('28', 20136267, 2),
('29', 20140676, 1),
('29', 20154686, 3),
('29', 20141738, 3),
('29', 20152178, 3),
('29', 20144278, 1),
('29', 20142083, 1),
('29', 20154991, 1),
('29', 20141528, 3),
('29', 20143416, 1),
('29', 20121602, 1),
('29', 20143621, 1),
('29', 20150944, 1),
('29', 20135478, 1),
('29', 20155362, 3),
('29', 20124362, 1),
('29', 20143381, 1),
('29', 20131945, 1),
('29', 20153914, 3),
('29', 20145266, 3),
('30', 20140676, 3),
('30', 20154686, 3),
('30', 20141226, 3),
('30', 20140498, 1),
('30', 20141738, 3),
('30', 20152178, 3),
('30', 20144278, 3),
('30', 20142083, 3),
('30', 20140475, 1),
('30', 20154991, 3),
('30', 20141528, 1),
('30', 20142274, 1),
('30', 20142339, 1),
('30', 20143416, 3),
('30', 20143621, 3),
('30', 20150944, 1),
('30', 20133476, 3),
('30', 20135478, 1),
('30', 20155362, 3),
('30', 20124362, 3),
('30', 20143381, 3),
('30', 20146535, 1),
('30', 20131945, 3),
('30', 20153914, 3),
('30', 20145266, 3),
('30', 20136267, 1),
('31', 20140676, 3),
('31', 20154686, 3),
('31', 20130493, 3),
('31', 20141226, 3),
('31', 20140498, 3),
('31', 20154251, 1),
('31', 20131381, 3),
('31', 20141738, 3),
('31', 20152178, 3),
('31', 20144278, 3),
('31', 20124049, 3),
('31', 20130551, 3),
('31', 20142083, 3),
('31', 20140475, 3),
('31', 20154991, 3),
('31', 20143239, 3),
('31', 20142915, 3),
('31', 20141528, 3),
('31', 20140711, 1),
('31', 20142274, 3),
('31', 20142339, 3),
('31', 20143416, 3),
('31', 20130755, 3),
('31', 20121602, 1),
('31', 20143621, 3),
('31', 20150944, 1),
('31', 20120288, 3),
('31', 20126070, 3),
('31', 20133476, 3),
('31', 20135478, 1),
('31', 20155362, 3),
('31', 20124362, 3),
('31', 20130359, 3),
('31', 20133341, 3),
('31', 20143381, 3),
('31', 20131589, 3),
('31', 20132870, 3),
('31', 20143880, 3),
('31', 20146535, 3),
('31', 20131945, 3),
('31', 20153914, 3),
('31', 20145266, 3),
('31', 20134885, 3),
('31', 20125707, 3),
('31', 20136267, 3),
('32', 20131381, 3),
('32', 20124049, 3),
('32', 20143239, 3),
('32', 20142915, 3),
('32', 20130755, 3),
('32', 20121602, 1),
('32', 20120288, 3),
('32', 20130359, 1),
('32', 20133341, 3),
('32', 20131589, 3),
('32', 20132870, 3),
('32', 20143880, 3),
('32', 20134885, 1),
('32', 20125707, 3),
('33', 20142083, 1),
('33', 20154991, 1),
('33', 20121602, 1),
('33', 20150944, 1),
('33', 20120288, 1),
('33', 20133476, 1),
('33', 20135478, 1),
('33', 20155362, 1),
('33', 20131589, 3),
('33', 20153914, 1),
('33', 20145266, 1),
('34', 20115289, 3),
('35', 20154790, 3),
('35', 20123435, 3),
('35', 20131308, 3),
('35', 20143885, 3),
('35', 20125716, 3),
('35', 20143665, 3),
('35', 20125872, 3),
('35', 20134009, 3),
('35', 20113067, 3),
('35', 20115289, 3),
('35', 20122345, 3),
('35', 20154250, 3),
('35', 20146510, 3),
('35', 20114411, 3),
('35', 20110743, 3),
('35', 20121059, 3),
('35', 20154052, 3),
('35', 20125720, 3),
('35', 20154122, 3),
('35', 20146514, 3),
('35', 20105931, 3),
('35', 20105790, 3),
('35', 20105792, 3),
('35', 20136288, 1),
('37', 20154790, 3),
('37', 20131308, 3),
('37', 20143885, 3),
('37', 20125716, 3),
('37', 20143665, 3),
('37', 20125872, 3),
('37', 20134009, 1),
('37', 20113067, 3),
('37', 20115289, 3),
('37', 20154250, 3),
('37', 20110743, 3),
('37', 20121059, 3),
('37', 20154052, 3),
('37', 20125720, 3),
('37', 20154122, 1),
('37', 20146514, 1),
('37', 20105790, 3),
('37', 20105792, 3),
('37', 20136288, 1),
('38', 20154790, 1),
('38', 20131308, 1),
('38', 20143885, 2),
('38', 20125716, 3),
('38', 20143665, 2),
('38', 20125872, 1),
('38', 20115289, 3),
('38', 20154250, 1),
('38', 20121059, 2),
('38', 20154052, 1),
('38', 20154122, 1),
('38', 20146514, 1),
('38', 20105790, 3),
('38', 20105792, 3),
('44', 20154790, 3),
('44', 20121892, 3),
('44', 20150189, 3),
('44', 20123435, 3),
('44', 20154137, 3),
('44', 20150678, 2),
('44', 20125584, 3),
('44', 20131308, 3),
('44', 20143885, 3),
('44', 20152200, 3),
('44', 20122370, 2),
('44', 20152456, 3),
('44', 20145561, 1),
('44', 20125716, 3),
('44', 20131381, 3),
('44', 20133458, 2),
('44', 20120427, 3),
('44', 20096468, 2),
('44', 20143665, 3),
('44', 20124049, 3),
('44', 20130551, 2),
('44', 20145024, 3),
('44', 20102474, 3),
('44', 20125872, 3),
('44', 20134009, 3),
('44', 20154394, 3),
('44', 20113067, 3),
('44', 20115289, 3),
('44', 20143239, 3),
('44', 20142915, 2),
('44', 20152457, 3),
('44', 20110749, 3),
('44', 20153031, 3),
('44', 20111711, 2),
('44', 20144533, 3),
('44', 20112473, 3),
('44', 20122345, 3),
('44', 20154250, 2),
('44', 20144046, 3),
('44', 20130755, 2),
('44', 20120288, 2),
('44', 20146510, 3),
('44', 20114411, 2),
('44', 20126070, 3),
('44', 20145237, 3),
('44', 20110743, 3),
('44', 20133623, 3),
('44', 20121059, 3),
('44', 20124881, 3),
('44', 20094668, 3),
('44', 20124211, 3),
('44', 20154052, 3),
('44', 20130359, 3),
('44', 20133341, 2),
('44', 20143878, 3),
('44', 20125720, 2),
('44', 20132870, 3),
('44', 20143880, 3),
('44', 20151611, 2),
('44', 20112881, 3),
('44', 20154122, 3),
('44', 20124934, 3),
('44', 20112263, 3),
('44', 20135555, 3),
('44', 20146007, 3),
('44', 20125717, 3),
('44', 20134885, 3),
('44', 20126067, 3),
('44', 20146514, 3),
('44', 20125707, 3),
('44', 20096066, 3),
('44', 20124951, 3),
('44', 20105931, 2),
('44', 20105790, 3),
('44', 20105792, 3),
('44', 20136288, 3),
('	45', 20154790, 3),
('	45', 20125584, 3),
('	45', 20131308, 3),
('	45', 20152200, 3),
('	45', 20131381, 2),
('	45', 20096468, 2),
('	45', 20154394, 2),
('	45', 20152457, 2),
('	45', 20130755, 3),
('	45', 20146510, 2),
('	45', 20126070, 2),
('	45', 20154122, 2),
('	45', 20134885, 2),
('	45', 20126067, 3),
('	45', 20146514, 3),
('	45', 20125707, 2),
('	45', 20136288, 2),
('46', 20154790, 3),
('46', 20121892, 3),
('46', 20150189, 2),
('46', 20123435, 3),
('46', 20154137, 3),
('46', 20150678, 3),
('46', 20125584, 3),
('46', 20131308, 3),
('46', 20143885, 3),
('46', 20152200, 3),
('46', 20122370, 3),
('46', 20152456, 3),
('46', 20145561, 3),
('46', 20125716, 3),
('46', 20131381, 3),
('46', 20133458, 3),
('46', 20120427, 3),
('46', 20096468, 3),
('46', 20143665, 2),
('46', 20124049, 3),
('46', 20130551, 3),
('46', 20145024, 3),
('46', 20102474, 3),
('46', 20125872, 3),
('46', 20134009, 3),
('46', 20154394, 3),
('46', 20113067, 3),
('46', 20115289, 3),
('46', 20143239, 2),
('46', 20142915, 3),
('46', 20152457, 3),
('46', 20110749, 3),
('46', 20153031, 3),
('46', 20111711, 1),
('46', 20144533, 3),
('46', 20112473, 3),
('46', 20122345, 3),
('46', 20154250, 3),
('46', 20144046, 3),
('46', 20130755, 3),
('46', 20120288, 3),
('46', 20146510, 3),
('46', 20114411, 1),
('46', 20126070, 3),
('46', 20145237, 3),
('46', 20110743, 3),
('46', 20133623, 3),
('46', 20121059, 3),
('46', 20124881, 3),
('46', 20094668, 3),
('46', 20124211, 3),
('46', 20154052, 3),
('46', 20130359, 3),
('46', 20133341, 3),
('46', 20143878, 1),
('46', 20125720, 2),
('46', 20132870, 3),
('46', 20143880, 3),
('46', 20151611, 3),
('46', 20112881, 3),
('46', 20154122, 3),
('46', 20124934, 2),
('46', 20112263, 3),
('46', 20135555, 3),
('46', 20146007, 3),
('46', 20125717, 3),
('46', 20134885, 3),
('46', 20126067, 3),
('46', 20146514, 3),
('46', 20125707, 3),
('46', 20096066, 3),
('46', 20124951, 3),
('46', 20105931, 2),
('46', 20105790, 2),
('46', 20105792, 2),
('46', 20136288, 3),
('47', 20131381, 3),
('47', 20146510, 2),
('47', 20134885, 2),
('47', 20126067, 3),
('47', 20146514, 3),
('47', 20125707, 3),
('47', 20136288, 3),
('48', 20125707, 2),
('49', 20154790, 3),
('49', 20121892, 3),
('49', 20150189, 2),
('49', 20123435, 2),
('49', 20150678, 2),
('49', 20125584, 3),
('49', 20131308, 3),
('49', 20143885, 2),
('49', 20143987, 2),
('49', 20152200, 3),
('49', 20122370, 1),
('49', 20152456, 2),
('49', 20145561, 2),
('49', 20125716, 2),
('49', 20131381, 3),
('49', 20133458, 3),
('49', 20120427, 3),
('49', 20096468, 3),
('49', 20143665, 2),
('49', 20124049, 3),
('49', 20130551, 2),
('49', 20102474, 3),
('49', 20125872, 2),
('49', 20134009, 3),
('49', 20154394, 3),
('49', 20113067, 1),
('49', 20115289, 2),
('49', 20143239, 3),
('49', 20142915, 3),
('49', 20152457, 3),
('49', 20110749, 3),
('49', 20153031, 3),
('49', 20111711, 1),
('49', 20112473, 3),
('49', 20122345, 2),
('49', 20144046, 3),
('49', 20130755, 3),
('49', 20146510, 3),
('49', 20114411, 1),
('49', 20126070, 3),
('49', 20145237, 3),
('49', 20110743, 2),
('49', 20133623, 1),
('49', 20121059, 2),
('49', 20124881, 1),
('49', 20094668, 1),
('49', 20124211, 3),
('49', 20154052, 3),
('49', 20130359, 2),
('49', 20133341, 3),
('49', 20143878, 1),
('49', 20125720, 2),
('49', 20132870, 3),
('49', 20143880, 3),
('49', 20151611, 2),
('49', 20112881, 2),
('49', 20154122, 3),
('49', 20124934, 2),
('49', 20112263, 3),
('49', 20135555, 3),
('49', 20146007, 2),
('49', 20125717, 2),
('49', 20134885, 3),
('49', 20126067, 3),
('49', 20146514, 3),
('49', 20125707, 3),
('49', 20096066, 2),
('49', 20124951, 1),
('49', 20105931, 1),
('49', 20105790, 1),
('49', 20105792, 1),
('49', 20136288, 3),
('50', 20154790, 3),
('50', 20125584, 3),
('50', 20131308, 3),
('50', 20152200, 2),
('50', 20152456, 2),
('50', 20131381, 3),
('50', 20133458, 3),
('50', 20096468, 2),
('50', 20124049, 2),
('50', 20130551, 3),
('50', 20102474, 3),
('50', 20134009, 3),
('50', 20154394, 3),
('50', 20152457, 2),
('50', 20110749, 3),
('50', 20153031, 3),
('50', 20112473, 2),
('50', 20144046, 3),
('50', 20130755, 3),
('50', 20146510, 3),
('50', 20126070, 2),
('50', 20130359, 3),
('50', 20133341, 3),
('50', 20132870, 3),
('50', 20143880, 3),
('50', 20154122, 3),
('50', 20112263, 2),
('50', 20135555, 3),
('50', 20134885, 3),
('50', 20126067, 3),
('50', 20146514, 3),
('50', 20125707, 3),
('50', 20136288, 3),
('51', 20154790, 3),
('51', 20154137, 1),
('51', 20131308, 3),
('51', 20143987, 2),
('51', 20152200, 2),
('51', 20145561, 2),
('51', 20133458, 2),
('51', 20120427, 2),
('51', 20125872, 3),
('51', 20134009, 2),
('51', 20152457, 3),
('51', 20144533, 2),
('51', 20154250, 2),
('51', 20120288, 2),
('51', 20146510, 2),
('51', 20126070, 2),
('51', 20154052, 2),
('51', 20130359, 2),
('51', 20154122, 2),
('51', 20134885, 2),
('51', 20126067, 2),
('51', 20146514, 2),
('51', 20125707, 3),
('51', 20136288, 1),
('52', 20154790, 3),
('52', 20154137, 2),
('52', 20131308, 2),
('52', 20143987, 2),
('52', 20152200, 2),
('52', 20145561, 1),
('52', 20133458, 2),
('52', 20120427, 2),
('52', 20125872, 3),
('52', 20134009, 2),
('52', 20152457, 2),
('52', 20144533, 1),
('52', 20154250, 2),
('52', 20120288, 2),
('52', 20146510, 2),
('52', 20126070, 3),
('52', 20154052, 2),
('52', 20130359, 3),
('52', 20154122, 2),
('52', 20134885, 3),
('52', 20126067, 3),
('52', 20146514, 3),
('52', 20125707, 3),
('52', 20136288, 2),
('53', 20154790, 2),
('53', 20154137, 2),
('53', 20131308, 2),
('53', 20143987, 2),
('53', 20152200, 3),
('53', 20145561, 1),
('53', 20133458, 3),
('53', 20120427, 2),
('53', 20125872, 3),
('53', 20134009, 2),
('53', 20152457, 2),
('53', 20144533, 1),
('53', 20154250, 2),
('53', 20120288, 2),
('53', 20146510, 1),
('53', 20126070, 3),
('53', 20154052, 2),
('53', 20130359, 3),
('53', 20154122, 2),
('53', 20134885, 3),
('53', 20126067, 3),
('53', 20146514, 3),
('53', 20125707, 3),
('53', 20136288, 1),
('54', 20154790, 3),
('54', 20154137, 2),
('54', 20131308, 3),
('54', 20143987, 2),
('54', 20152200, 3),
('54', 20145561, 2),
('54', 20133458, 3),
('54', 20120427, 3),
('54', 20125872, 3),
('54', 20134009, 3),
('54', 20152457, 2),
('54', 20144533, 2),
('54', 20154250, 3),
('54', 20120288, 3),
('54', 20146510, 2),
('54', 20126070, 3),
('54', 20154052, 3),
('54', 20130359, 3),
('54', 20154122, 3),
('54', 20134885, 3),
('54', 20126067, 3),
('54', 20146514, 3),
('54', 20125707, 3),
('54', 20136288, 1),
('55', 20154790, 1),
('55', 20154137, 1),
('55', 20131308, 2),
('55', 20143987, 2),
('55', 20152200, 2),
('55', 20145561, 1),
('55', 20133458, 2),
('55', 20120427, 2),
('55', 20125872, 2),
('55', 20134009, 2),
('55', 20152457, 2),
('55', 20144533, 1),
('55', 20154250, 2),
('55', 20120288, 2),
('55', 20146510, 2),
('55', 20126070, 3),
('55', 20154052, 2),
('55', 20130359, 3),
('55', 20154122, 3),
('55', 20134885, 3),
('55', 20126067, 3),
('55', 20146514, 2),
('55', 20125707, 3),
('55', 20136288, 2),
('59', 20154137, 1),
('59', 20125584, 3),
('59', 20131381, 3),
('59', 20133458, 2),
('59', 20120427, 1),
('59', 20124049, 3),
('59', 20102474, 3),
('59', 20154394, 2),
('59', 20143239, 1),
('59', 20142915, 3),
('59', 20152457, 3),
('59', 20110749, 1),
('59', 20153031, 3),
('59', 20144046, 3),
('59', 20130755, 2),
('59', 20120288, 1),
('59', 20126070, 2),
('59', 20124211, 1),
('59', 20130359, 3),
('59', 20133341, 2),
('59', 20132870, 3),
('59', 20143880, 3),
('59', 20112263, 3),
('59', 20135555, 3),
('59', 20134885, 3),
('59', 20126067, 3),
('59', 20125707, 2),
('60', 20154137, 1),
('60', 20125584, 3),
('60', 20131381, 2),
('60', 20133458, 2),
('60', 20120427, 1),
('60', 20124049, 3),
('60', 20102474, 1),
('60', 20154394, 3),
('60', 20143239, 1),
('60', 20142915, 3),
('60', 20152457, 2),
('60', 20110749, 1),
('60', 20153031, 3),
('60', 20144046, 3),
('60', 20130755, 3),
('60', 20120288, 1),
('60', 20126070, 2),
('60', 20124211, 1),
('60', 20130359, 1),
('60', 20133341, 3),
('60', 20132870, 3),
('60', 20143880, 1),
('60', 20112263, 2),
('60', 20135555, 3),
('60', 20134885, 3),
('60', 20126067, 2),
('60', 20125707, 1),
('61', 20154137, 1),
('61', 20125584, 3),
('61', 20131381, 3),
('61', 20133458, 2),
('61', 20120427, 1),
('61', 20124049, 3),
('61', 20102474, 2),
('61', 20154394, 2),
('61', 20143239, 1),
('61', 20142915, 2),
('61', 20152457, 2),
('61', 20110749, 1),
('61', 20153031, 3),
('61', 20144046, 2),
('61', 20130755, 2),
('61', 20120288, 1),
('61', 20126070, 2),
('61', 20124211, 1),
('61', 20130359, 2),
('61', 20133341, 3),
('61', 20132870, 3),
('61', 20143880, 2),
('61', 20112263, 2),
('61', 20135555, 3),
('61', 20134885, 3),
('61', 20126067, 2),
('61', 20125707, 2),
('62', 20154137, 1),
('62', 20125584, 2),
('62', 20131381, 2),
('62', 20133458, 1),
('62', 20120427, 1),
('62', 20124049, 1),
('62', 20102474, 1),
('62', 20154394, 2),
('62', 20143239, 1),
('62', 20142915, 2),
('62', 20152457, 2),
('62', 20110749, 1),
('62', 20153031, 2),
('62', 20144046, 2),
('62', 20130755, 2),
('62', 20120288, 1),
('62', 20126070, 1),
('62', 20124211, 1),
('62', 20130359, 2),
('62', 20133341, 2),
('62', 20132870, 3),
('62', 20143880, 2),
('62', 20112263, 2),
('62', 20135555, 3),
('62', 20134885, 2),
('62', 20126067, 2),
('62', 20125707, 1),
('63', 20154137, 1),
('63', 20125584, 1),
('63', 20131381, 2),
('63', 20133458, 2),
('63', 20120427, 1),
('63', 20124049, 2),
('63', 20102474, 1),
('63', 20154394, 1),
('63', 20143239, 1),
('63', 20142915, 1),
('63', 20152457, 1),
('63', 20110749, 1),
('63', 20153031, 1),
('63', 20144046, 1),
('63', 20130755, 1),
('63', 20120288, 1),
('63', 20126070, 1),
('63', 20124211, 1),
('63', 20130359, 1),
('63', 20133341, 1),
('63', 20132870, 1),
('63', 20143880, 1),
('63', 20112263, 1),
('63', 20135555, 1),
('63', 20134885, 3),
('63', 20126067, 1),
('63', 20125707, 2),
('65', 20150189, 3),
('65', 20123435, 3),
('65', 20150678, 2),
('65', 20143885, 3),
('65', 20122370, 2),
('65', 20125716, 3),
('65', 20143665, 3),
('65', 20113067, 3),
('65', 20115289, 3),
('65', 20111711, 2),
('65', 20122345, 3),
('65', 20114411, 2),
('65', 20110743, 3),
('65', 20133623, 3),
('65', 20121059, 3),
('65', 20124881, 3),
('65', 20094668, 3),
('65', 20143878, 3),
('65', 20125720, 2),
('65', 20151611, 2),
('65', 20112881, 3),
('65', 20124934, 3),
('65', 20146007, 3),
('65', 20125717, 3),
('65', 20096066, 3),
('65', 20124951, 3),
('65', 20105931, 2),
('65', 20105790, 3),
('65', 20105792, 3),
('66', 20150189, 2),
('66', 20123435, 3),
('66', 20150678, 3),
('66', 20143885, 3),
('66', 20122370, 3),
('66', 20125716, 3),
('66', 20143665, 2),
('66', 20113067, 3),
('66', 20115289, 3),
('66', 20111711, 1),
('66', 20122345, 3),
('66', 20114411, 1),
('66', 20110743, 3),
('66', 20133623, 3),
('66', 20121059, 3),
('66', 20124881, 3),
('66', 20094668, 3),
('66', 20143878, 1),
('66', 20125720, 2),
('66', 20151611, 3),
('66', 20112881, 3),
('66', 20124934, 2),
('66', 20146007, 3),
('66', 20125717, 3),
('66', 20096066, 3),
('66', 20124951, 3),
('66', 20105931, 2),
('66', 20105790, 2),
('66', 20105792, 2),
('67', 20150189, 2),
('67', 20123435, 2),
('67', 20150678, 2),
('67', 20143885, 2),
('67', 20122370, 1),
('67', 20125716, 2),
('67', 20143665, 2),
('67', 20113067, 1),
('67', 20115289, 2),
('67', 20111711, 1),
('67', 20122345, 2),
('67', 20114411, 1),
('67', 20110743, 2),
('67', 20133623, 1),
('67', 20121059, 2),
('67', 20124881, 1),
('67', 20094668, 1),
('67', 20143878, 1),
('67', 20125720, 2),
('67', 20151611, 2),
('67', 20112881, 2),
('67', 20124934, 2),
('67', 20146007, 2),
('67', 20125717, 2),
('67', 20096066, 2),
('67', 20124951, 1),
('67', 20105931, 1),
('67', 20105790, 1),
('67', 20105792, 1);




-- --------------------------------------------------------

--
-- Структура таблицы `CompResp`
--

CREATE TABLE IF NOT EXISTS `CompResp` (
  `CompResp_CompId` int(3) NOT NULL,
  `CompResp_ProfId` int(2) NOT NULL,
   constraint pk_CompResp PRIMARY KEY (`CompResp_CompId`,`CompResp_ProfId`),
    CONSTRAINT fk_COMPRESP FOREIGN KEY (CompResp_CompId)
REFERENCES competences(Competence_id)
ON DELETE CASCADE
  ON UPDATE CASCADE,
   constraint fk_COMPRESP2 FOREIGN KEY (CompResp_ProfId)
	REFERENCES Professeurs (Professeur_id)
	ON DELETE CASCADE
  ON UPDATE CASCADE
) ENGINE=InnoDB DEFAULT CHARSET=utf8;

--
-- Дамп данных таблицы `CompResp`
--

INSERT INTO `CompResp` (`CompResp_CompId`, `CompResp_ProfId`) VALUES
('51', 13),
('49', 12),
('48', 12),
('47', 12),
('46', 12),
('38', 8),
('45', 12),
('43', 7),
('42', 7),
('40', 8),
('38', 10),
('39', 8),
('40', 7),
('41', 7),
('67', 15),
('66', 15),
('65', 15),
('64', 3),
('63', 3),
('62', 3),
('61', 3),
('60', 3),
('59', 3),
('9', 11),
('58', 14),
('8', 11),
('57', 14),
('7', 11),
('56', 14),
('55', 13),
('54', 13),
('53', 13),
('10', 11),
('52', 13),
('35', 8),
('50', 12),
('37', 8),
('44', 12),
('36', 8),
('39', 7),
('37', 10),
('41', 8),
('36', 10),
('42', 8),
('35', 10),
('43', 8),
('34', 10),
('33', 10),
('32', 10),
('31', 10),
('30', 10),
('29', 10),
('28', 9),
('27', 9),
('26', 9),
('25', 9),
('24', 9),
('23', 7),
('22', 7),
('21', 7),
('20', 7),
('19', 7),
('18', 8),
('17', 7),
('16', 7),
('15', 6),
('14', 5),
('13', 5),
('12', 5),
('11', 5),
('29', 8),
('10', 4),
('30', 8),
('31', 8),
('9', 4),
('32', 8),
('8', 4),
('33', 8),
('34', 8),
('7', 4),
('6', 3),
('5', 2),
('4', 2),
('3', 1),
('2', 1),
('1', 1);

